"cd_pause","cd_trajectory","start_time","start_long","start_lat","end_time","end_long","end_lat","duration"
1,1,"2012-11-03 11:47:42",-43.183437,-22.951035,"2012-11-03 11:50:12",-43.183411,-22.951099,2.5
2,1,"2012-11-03 11:50:29",-43.183441,-22.951056,"2012-11-03 11:52:18",-43.183437,-22.951061,1.81666666666667
1,2,"2012-11-05 18:17:30",-43.220459,-22.963936,"2012-11-05 18:28:15",-43.220531,-22.963978,10.75
1,3,"2012-11-06 12:59:37",-43.218628,-22.903593,"2012-11-06 13:01:31",-43.218609,-22.903566,1.9
2,3,"2012-11-06 13:03:54",-43.218628,-22.903587,"2012-11-06 13:06:31",-43.218643,-22.903603,2.61666666666667
3,3,"2012-11-06 13:08:59",-43.218632,-22.903589,"2012-11-06 13:13:13",-43.218643,-22.903603,4.23333333333333
4,3,"2012-11-06 13:13:53",-43.218636,-22.903593,"2012-11-06 13:16:56",-43.218632,-22.903589,3.05
1,13,"2012-12-01 10:59:48",-43.085999,-22.916122,"2012-12-01 11:01:51",-43.085999,-22.916119,2.05
2,13,"2012-12-01 11:22:22",-43.090656,-22.920179,"2012-12-01 11:24:58",-43.090656,-22.920183,2.6
3,13,"2012-12-01 12:09:46",-43.220657,-22.963896,"2012-12-01 12:11:24",-43.220619,-22.963831,1.63333333333333
4,13,"2012-12-01 12:11:31",-43.220482,-22.964001,"2012-12-01 12:18:06",-43.220478,-22.96401,6.58333333333333
1,18,"2012-10-25 20:32:52",-43.12542,-22.893127,"2012-10-25 20:34:35",-43.12542,-22.893127,1.71666666666667
2,18,"2012-10-25 21:25:31",-43.038223,-22.898958,"2012-10-25 21:28:51",-43.038223,-22.898958,3.33333333333333
3,18,"2012-10-25 21:28:53",-43.038216,-22.898947,"2012-10-25 21:48:52",-43.038147,-22.898417,19.9833333333333
1,20,"2012-10-31 10:59:04",-43.173298,-22.911612,"2012-10-31 11:02:37",-43.173683,-22.910515,3.55
2,20,"2012-10-31 11:07:40",-43.173714,-22.910488,"2012-10-31 11:12:55",-43.173702,-22.910452,5.25
3,20,"2012-10-31 11:14:45",-43.173721,-22.910484,"2012-10-31 11:21:45",-43.173702,-22.910486,7
4,20,"2012-10-31 11:23:35",-43.173698,-22.91046,"2012-10-31 11:26:10",-43.173698,-22.910458,2.58333333333333
5,20,"2012-10-31 11:33:50",-43.173706,-22.910463,"2012-10-31 11:35:38",-43.173698,-22.91045,1.8
6,20,"2012-10-31 11:36:56",-43.173702,-22.91044,"2012-10-31 11:38:32",-43.173702,-22.910446,1.6
7,20,"2012-10-31 11:41:02",-43.173717,-22.910503,"2012-10-31 11:43:43",-43.173698,-22.910454,2.68333333333333
8,20,"2012-10-31 11:47:07",-43.17371,-22.91048,"2012-10-31 11:50:24",-43.173695,-22.910479,3.28333333333333
9,20,"2012-10-31 11:55:32",-43.173664,-22.910465,"2012-10-31 11:57:48",-43.173695,-22.910446,2.26666666666667
10,20,"2012-10-31 12:05:42",-43.17371,-22.910433,"2012-10-31 12:07:51",-43.17371,-22.910387,2.15
11,20,"2012-10-31 12:12:13",-43.173702,-22.910418,"2012-10-31 12:13:56",-43.173702,-22.910446,1.71666666666667
12,20,"2012-10-31 12:15:09",-43.173721,-22.910486,"2012-10-31 12:25:16",-43.173695,-22.910452,10.1166666666667
13,20,"2012-10-31 12:25:19",-43.173706,-22.910473,"2012-10-31 12:26:49",-43.173698,-22.91046,1.5
14,20,"2012-10-31 12:26:56",-43.173687,-22.910513,"2012-10-31 12:29:09",-43.173676,-22.910465,2.21666666666667
15,20,"2012-10-31 12:32:44",-43.173691,-22.910473,"2012-10-31 12:35:12",-43.173695,-22.910435,2.46666666666667
16,20,"2012-10-31 12:36:15",-43.173698,-22.910467,"2012-10-31 12:41:34",-43.173698,-22.910454,5.31666666666667
17,20,"2012-10-31 12:49:33",-43.173691,-22.910452,"2012-10-31 12:51:06",-43.173691,-22.91048,1.55
18,20,"2012-10-31 12:53:49",-43.173695,-22.910467,"2012-10-31 12:59:54",-43.173691,-22.910496,6.08333333333333
19,20,"2012-10-31 12:59:55",-43.173691,-22.910505,"2012-10-31 13:01:44",-43.173702,-22.91048,1.81666666666667
20,20,"2012-10-31 13:05:11",-43.173695,-22.910496,"2012-10-31 13:07:11",-43.173695,-22.910448,2
21,20,"2012-10-31 13:08:48",-43.173698,-22.910416,"2012-10-31 13:10:50",-43.173695,-22.91041,2.03333333333333
22,20,"2012-10-31 13:10:57",-43.173721,-22.910456,"2012-10-31 13:14:42",-43.173714,-22.910437,3.75
23,20,"2012-10-31 13:15:14",-43.173676,-22.910456,"2012-10-31 13:18:37",-43.173687,-22.910383,3.38333333333333
24,20,"2012-10-31 13:33:30",-43.173668,-22.910646,"2012-10-31 13:35:19",-43.173687,-22.910608,1.81666666666667
1,21,"2012-10-31 14:22:36",-43.175362,-22.906269,"2012-10-31 14:35:18",-43.175697,-22.90646,12.7
2,21,"2012-10-31 14:37:25",-43.17522,-22.906458,"2012-10-31 14:39:48",-43.17519,-22.906464,2.38333333333333
3,21,"2012-10-31 15:05:42",-43.173687,-22.910515,"2012-10-31 15:07:29",-43.173687,-22.910433,1.78333333333333
4,21,"2012-10-31 15:08:06",-43.173687,-22.910435,"2012-10-31 15:10:09",-43.173706,-22.910414,2.05
5,21,"2012-10-31 15:19:14",-43.173782,-22.910339,"2012-10-31 15:37:50",-43.173824,-22.910318,18.6
1,22,"2012-10-31 15:59:44",-43.173702,-22.910393,"2012-10-31 16:01:49",-43.173717,-22.910385,2.08333333333333
2,22,"2012-10-31 16:04:51",-43.173717,-22.910538,"2012-10-31 16:06:46",-43.173695,-22.910503,1.91666666666667
3,22,"2012-10-31 16:06:47",-43.173691,-22.910509,"2012-10-31 16:17:12",-43.173706,-22.910427,10.4166666666667
4,22,"2012-10-31 16:17:15",-43.173714,-22.910412,"2012-10-31 16:18:45",-43.173687,-22.91049,1.5
5,22,"2012-10-31 16:18:48",-43.173714,-22.910475,"2012-10-31 16:30:35",-43.173687,-22.910477,11.7833333333333
6,22,"2012-10-31 16:31:59",-43.173698,-22.91041,"2012-10-31 16:37:01",-43.173691,-22.910381,5.03333333333333
7,22,"2012-10-31 16:44:10",-43.17384,-22.910625,"2012-10-31 16:48:54",-43.173721,-22.910589,4.73333333333333
8,22,"2012-10-31 16:48:56",-43.173779,-22.910574,"2012-10-31 16:50:48",-43.173759,-22.910608,1.86666666666667
9,22,"2012-10-31 16:52:12",-43.173874,-22.91065,"2012-10-31 16:55:23",-43.173752,-22.910606,3.18333333333333
10,22,"2012-10-31 16:55:33",-43.173855,-22.910639,"2012-10-31 16:57:46",-43.173897,-22.910639,2.21666666666667
11,22,"2012-10-31 16:58:55",-43.173748,-22.910557,"2012-10-31 17:01:49",-43.173717,-22.910561,2.9
12,22,"2012-10-31 17:03:12",-43.174011,-22.910728,"2012-10-31 17:05:10",-43.173893,-22.910643,1.96666666666667
13,22,"2012-10-31 17:06:43",-43.173809,-22.910578,"2012-10-31 17:21:37",-43.173805,-22.91065,14.9
14,22,"2012-10-31 17:22:24",-43.173862,-22.910662,"2012-10-31 17:29:19",-43.173759,-22.910614,6.91666666666667
15,22,"2012-10-31 17:29:26",-43.173771,-22.910578,"2012-10-31 17:31:13",-43.173801,-22.910631,1.78333333333333
16,22,"2012-10-31 17:31:23",-43.173866,-22.91065,"2012-10-31 17:33:50",-43.173859,-22.910669,2.45
17,22,"2012-10-31 17:37:00",-43.17387,-22.910688,"2012-10-31 17:40:15",-43.173885,-22.910639,3.25
18,22,"2012-10-31 17:40:25",-43.173805,-22.91062,"2012-10-31 17:42:00",-43.173855,-22.910671,1.58333333333333
19,22,"2012-10-31 17:42:17",-43.173832,-22.910631,"2012-10-31 17:44:33",-43.173809,-22.910646,2.26666666666667
20,22,"2012-10-31 17:44:34",-43.173874,-22.910645,"2012-10-31 17:48:27",-43.173664,-22.910551,3.88333333333333
21,22,"2012-10-31 17:48:55",-43.173756,-22.910543,"2012-10-31 17:50:43",-43.173679,-22.910557,1.8
22,22,"2012-10-31 17:53:08",-43.173798,-22.910645,"2012-10-31 17:55:08",-43.173824,-22.910648,2
23,22,"2012-10-31 17:55:16",-43.173939,-22.910694,"2012-10-31 17:57:00",-43.173866,-22.910683,1.73333333333333
24,22,"2012-10-31 17:57:51",-43.173817,-22.910582,"2012-10-31 17:59:25",-43.173756,-22.910601,1.56666666666667
25,22,"2012-10-31 18:01:53",-43.173817,-22.910604,"2012-10-31 18:04:43",-43.173672,-22.910547,2.83333333333333
26,22,"2012-10-31 18:04:45",-43.173759,-22.910563,"2012-10-31 18:09:55",-43.173874,-22.910618,5.16666666666667
27,22,"2012-10-31 18:11:03",-43.173779,-22.910563,"2012-10-31 18:13:52",-43.173691,-22.910559,2.81666666666667
28,22,"2012-10-31 18:13:53",-43.173775,-22.910572,"2012-10-31 18:24:58",-43.173878,-22.910694,11.0833333333333
29,22,"2012-10-31 18:25:00",-43.173946,-22.910696,"2012-10-31 18:26:57",-43.173916,-22.910686,1.95
30,22,"2012-10-31 18:29:04",-43.173946,-22.910662,"2012-10-31 18:31:02",-43.173836,-22.91066,1.96666666666667
31,22,"2012-10-31 18:31:09",-43.173798,-22.910643,"2012-10-31 18:36:09",-43.173851,-22.910641,5
32,22,"2012-10-31 18:37:45",-43.173851,-22.910625,"2012-10-31 18:40:42",-43.17371,-22.910583,2.95
33,22,"2012-10-31 18:40:43",-43.173782,-22.910583,"2012-10-31 18:42:43",-43.173836,-22.910629,2
34,22,"2012-10-31 18:43:14",-43.173836,-22.910625,"2012-10-31 18:47:17",-43.17387,-22.910683,4.05
35,22,"2012-10-31 18:47:24",-43.17379,-22.910635,"2012-10-31 18:50:01",-43.173832,-22.910652,2.61666666666667
36,22,"2012-10-31 18:51:32",-43.173859,-22.91065,"2012-10-31 18:56:34",-43.173683,-22.910561,5.03333333333333
37,22,"2012-10-31 18:59:27",-43.173775,-22.910566,"2012-10-31 19:01:20",-43.173721,-22.910551,1.88333333333333
38,22,"2012-10-31 19:04:44",-43.174019,-22.910725,"2012-10-31 19:06:45",-43.173931,-22.910709,2.01666666666667
39,22,"2012-10-31 19:06:46",-43.173958,-22.910692,"2012-10-31 19:09:25",-43.173859,-22.910662,2.65
40,22,"2012-10-31 19:12:30",-43.173798,-22.910637,"2012-10-31 19:14:37",-43.173847,-22.910669,2.11666666666667
41,22,"2012-10-31 19:14:49",-43.173855,-22.91066,"2012-10-31 19:16:25",-43.173843,-22.910675,1.6
42,22,"2012-10-31 19:34:22",-43.173706,-22.910398,"2012-10-31 19:35:54",-43.173698,-22.910425,1.53333333333333
43,22,"2012-10-31 19:43:18",-43.173725,-22.910423,"2012-10-31 19:51:03",-43.173885,-22.910797,7.75
44,22,"2012-10-31 20:51:44",-43.253929,-22.902773,"2012-10-31 20:53:20",-43.25396,-22.902962,1.6
45,22,"2012-10-31 21:17:08",-43.25359,-22.902924,"2012-10-31 21:22:16",-43.25367,-22.902937,5.13333333333333
46,22,"2012-10-31 21:23:02",-43.253468,-22.90274,"2012-10-31 21:25:38",-43.253464,-22.90274,2.6
47,22,"2012-10-31 21:28:53",-43.253376,-22.902637,"2012-10-31 21:31:06",-43.253395,-22.902636,2.21666666666667
48,22,"2012-10-31 21:36:38",-43.255806,-22.904263,"2012-10-31 21:38:21",-43.256115,-22.904268,1.71666666666667
49,22,"2012-10-31 21:42:54",-43.253395,-22.902641,"2012-10-31 21:44:31",-43.253395,-22.902641,1.61666666666667
50,22,"2012-10-31 22:04:14",-43.255398,-22.903898,"2012-10-31 22:07:12",-43.256138,-22.904243,2.96666666666667
51,22,"2012-10-31 22:50:48",-43.105045,-22.901489,"2012-10-31 22:52:44",-43.10482,-22.901417,1.93333333333333
52,22,"2012-10-31 23:03:25",-43.105473,-22.901587,"2012-10-31 23:05:03",-43.105473,-22.901588,1.63333333333333
53,22,"2012-10-31 23:18:40",-43.099171,-22.893995,"2012-10-31 23:25:51",-43.099167,-22.893995,7.18333333333333
54,22,"2012-10-31 23:32:13",-43.099274,-22.89323,"2012-10-31 23:34:35",-43.099358,-22.892733,2.36666666666667
55,22,"2012-10-31 23:36:08",-43.099236,-22.893543,"2012-10-31 23:38:42",-43.099232,-22.893532,2.56666666666667
56,22,"2012-10-31 23:39:35",-43.099152,-22.894543,"2012-10-31 23:41:48",-43.099213,-22.894775,2.21666666666667
57,22,"2012-10-31 23:53:32",-43.099499,-22.89476,"2012-10-31 23:55:38",-43.099346,-22.895021,2.1
58,22,"2012-11-01 00:00:30",-43.098824,-22.894012,"2012-11-01 00:02:24",-43.098824,-22.894011,1.9
59,22,"2012-11-01 00:05:44",-43.098984,-22.893835,"2012-11-01 00:08:43",-43.098946,-22.893715,2.98333333333333
60,22,"2012-11-01 00:09:11",-43.098976,-22.893681,"2012-11-01 00:10:45",-43.098984,-22.893677,1.56666666666667
61,22,"2012-11-01 00:10:54",-43.098782,-22.894125,"2012-11-01 00:12:30",-43.098782,-22.894125,1.6
62,22,"2012-11-01 00:16:42",-43.098785,-22.894112,"2012-11-01 00:19:48",-43.098785,-22.894112,3.1
63,22,"2012-11-01 00:20:10",-43.099331,-22.893517,"2012-11-01 00:23:09",-43.099331,-22.893517,2.98333333333333
64,22,"2012-11-01 00:36:06",-43.098907,-22.894173,"2012-11-01 00:37:41",-43.098907,-22.894173,1.58333333333333
65,22,"2012-11-01 00:37:42",-43.098984,-22.89411,"2012-11-01 00:40:15",-43.098984,-22.89411,2.55
66,22,"2012-11-01 00:42:14",-43.09927,-22.894159,"2012-11-01 00:47:38",-43.09927,-22.894159,5.4
67,22,"2012-11-01 00:48:09",-43.099449,-22.894382,"2012-11-01 01:04:11",-43.099255,-22.894278,16.0333333333333
1,23,"2012-11-01 01:18:11",-43.099407,-22.894781,"2012-11-01 01:25:05",-43.099255,-22.894476,6.9
2,23,"2012-11-01 01:25:34",-43.09903,-22.894871,"2012-11-01 01:32:52",-43.09903,-22.894869,7.3
3,23,"2012-11-01 01:33:21",-43.099041,-22.894541,"2012-11-01 01:37:09",-43.099041,-22.894541,3.8
4,23,"2012-11-01 01:39:55",-43.099251,-22.894159,"2012-11-01 01:52:35",-43.099457,-22.894712,12.6666666666667
5,23,"2012-11-01 01:52:51",-43.099457,-22.893997,"2012-11-01 01:57:25",-43.099487,-22.894648,4.56666666666667
6,23,"2012-11-01 01:57:55",-43.099213,-22.894258,"2012-11-01 02:02:43",-43.099556,-22.894724,4.8
7,23,"2012-11-01 02:02:44",-43.098766,-22.893948,"2012-11-01 02:11:15",-43.098766,-22.893948,8.51666666666667
8,23,"2012-11-01 02:12:39",-43.099419,-22.894642,"2012-11-01 02:19:30",-43.099625,-22.894855,6.85
9,23,"2012-11-01 02:21:13",-43.099129,-22.89423,"2012-11-01 02:24:53",-43.099129,-22.89423,3.66666666666667
10,23,"2012-11-01 02:25:01",-43.099979,-22.895285,"2012-11-01 02:32:15",-43.0994,-22.894564,7.23333333333333
11,23,"2012-11-01 02:32:50",-43.099075,-22.894466,"2012-11-01 02:38:21",-43.099552,-22.894716,5.51666666666667
12,23,"2012-11-01 02:38:45",-43.09951,-22.894594,"2012-11-01 02:58:24",-43.099682,-22.895046,19.65
13,23,"2012-11-01 03:01:16",-43.097198,-22.893406,"2012-11-01 03:02:58",-43.097195,-22.8934,1.7
14,23,"2012-11-01 03:03:29",-43.099251,-22.894705,"2012-11-01 03:05:24",-43.099419,-22.894426,1.91666666666667
15,23,"2012-11-01 03:08:54",-43.09922,-22.894274,"2012-11-01 03:12:18",-43.09922,-22.894274,3.4
16,23,"2012-11-01 03:12:26",-43.099461,-22.894596,"2012-11-01 03:16:21",-43.099823,-22.894939,3.91666666666667
17,23,"2012-11-01 03:21:02",-43.099319,-22.894419,"2012-11-01 03:24:26",-43.099319,-22.894419,3.4
18,23,"2012-11-01 03:26:12",-43.099854,-22.895233,"2012-11-01 03:28:18",-43.099628,-22.894833,2.1
19,23,"2012-11-01 03:28:19",-43.09938,-22.894558,"2012-11-01 03:29:52",-43.099377,-22.894554,1.55
20,23,"2012-11-01 03:30:00",-43.09988,-22.895187,"2012-11-01 03:37:01",-43.099388,-22.894577,7.01666666666667
21,23,"2012-11-01 03:39:02",-43.099209,-22.894417,"2012-11-01 03:40:57",-43.099209,-22.894417,1.91666666666667
22,23,"2012-11-01 03:41:05",-43.099842,-22.895048,"2012-11-01 03:44:42",-43.099377,-22.894522,3.61666666666667
23,23,"2012-11-01 03:53:17",-43.09988,-22.895329,"2012-11-01 04:09:41",-43.099449,-22.894512,16.4
1,24,"2012-11-01 04:20:00",-43.099567,-22.894745,"2012-11-01 04:24:52",-43.099445,-22.894615,4.86666666666667
2,24,"2012-11-01 04:31:28",-43.099224,-22.894014,"2012-11-01 04:39:31",-43.099224,-22.894014,8.05
3,24,"2012-11-01 04:46:14",-43.100105,-22.895729,"2012-11-01 04:53:27",-43.099361,-22.894577,7.21666666666667
4,24,"2012-11-01 04:55:22",-43.099869,-22.895224,"2012-11-01 05:02:20",-43.099438,-22.894602,6.96666666666667
5,24,"2012-11-01 05:05:03",-43.099415,-22.894663,"2012-11-01 05:12:21",-43.099415,-22.894663,7.3
6,24,"2012-11-01 05:12:51",-43.099991,-22.895706,"2012-11-01 05:27:53",-43.099567,-22.894705,15.0333333333333
1,25,"2012-11-01 05:54:46",-43.100334,-22.895437,"2012-11-01 06:09:48",-43.099453,-22.894531,15.0333333333333
1,26,"2012-11-01 06:19:50",-43.10014,-22.895296,"2012-11-01 06:29:26",-43.099895,-22.895348,9.6
2,26,"2012-11-01 06:34:33",-43.099998,-22.89579,"2012-11-01 06:39:34",-43.099403,-22.894375,5.01666666666667
3,26,"2012-11-01 06:39:35",-43.099365,-22.894348,"2012-11-01 06:45:04",-43.099365,-22.89435,5.48333333333333
4,26,"2012-11-01 06:49:37",-43.100292,-22.894852,"2012-11-01 06:53:27",-43.099895,-22.895348,3.83333333333333
5,26,"2012-11-01 07:06:37",-43.099358,-22.894596,"2012-11-01 07:08:24",-43.099358,-22.894596,1.78333333333333
6,26,"2012-11-01 07:17:45",-43.098392,-22.8936,"2012-11-01 07:26:42",-43.098385,-22.893593,8.95
7,26,"2012-11-01 07:29:40",-43.099464,-22.89463,"2012-11-01 07:42:24",-43.100056,-22.895098,12.7333333333333
8,26,"2012-11-01 07:46:02",-43.099854,-22.894703,"2012-11-01 07:50:23",-43.099857,-22.894707,4.35
9,26,"2012-11-01 07:50:25",-43.099182,-22.894699,"2012-11-01 07:53:25",-43.099182,-22.894699,3
10,26,"2012-11-01 07:57:20",-43.099545,-22.895554,"2012-11-01 07:59:42",-43.099545,-22.895554,2.36666666666667
11,26,"2012-11-01 08:02:16",-43.099499,-22.894594,"2012-11-01 08:13:41",-43.098885,-22.894232,11.4166666666667
12,26,"2012-11-01 08:15:27",-43.099468,-22.8946,"2012-11-01 08:19:17",-43.099468,-22.8946,3.83333333333333
13,26,"2012-11-01 08:19:42",-43.099277,-22.893986,"2012-11-01 08:21:14",-43.09927,-22.89398,1.53333333333333
14,26,"2012-11-01 08:29:19",-43.099567,-22.894617,"2012-11-01 08:34:15",-43.099339,-22.894453,4.93333333333333
15,26,"2012-11-01 08:48:21",-43.099628,-22.894753,"2012-11-01 08:49:59",-43.099514,-22.894615,1.63333333333333
16,26,"2012-11-01 08:50:51",-43.099442,-22.89469,"2012-11-01 08:54:48",-43.099895,-22.895348,3.95
17,26,"2012-11-01 08:56:19",-43.0994,-22.89451,"2012-11-01 09:13:54",-43.099564,-22.89459,17.5833333333333
1,27,"2012-11-01 09:23:59",-43.099403,-22.894567,"2012-11-01 09:29:44",-43.099384,-22.894613,5.75
2,27,"2012-11-01 09:32:28",-43.099976,-22.895449,"2012-11-01 09:36:16",-43.09948,-22.894569,3.8
3,27,"2012-11-01 09:36:17",-43.099224,-22.894861,"2012-11-01 09:39:33",-43.099224,-22.894857,3.26666666666667
4,27,"2012-11-01 10:17:19",-43.115124,-22.893789,"2012-11-01 10:18:49",-43.115131,-22.893791,1.5
5,27,"2012-11-01 10:27:39",-43.124531,-22.893507,"2012-11-01 10:29:14",-43.124531,-22.893518,1.58333333333333
6,27,"2012-11-01 10:31:00",-43.124405,-22.893499,"2012-11-01 10:32:57",-43.124176,-22.89362,1.95
7,27,"2012-11-01 10:33:56",-43.124657,-22.893848,"2012-11-01 10:36:49",-43.124657,-22.893854,2.88333333333333
1,28,"2012-11-23 22:03:36",-43.099358,-22.894169,"2012-11-23 22:10:36",-43.099262,-22.89381,7
2,28,"2012-11-23 22:10:37",-43.099255,-22.893805,"2012-11-23 22:18:47",-43.099255,-22.893805,8.16666666666667
1,29,"2012-11-23 23:12:47",-43.099533,-22.89444,"2012-11-23 23:15:58",-43.099564,-22.894482,3.18333333333333
2,29,"2012-11-23 23:18:23",-43.099525,-22.894388,"2012-11-23 23:21:51",-43.099411,-22.894276,3.46666666666667
3,29,"2012-11-23 23:22:44",-43.099659,-22.894501,"2012-11-23 23:40:56",-43.099476,-22.894451,18.2
1,30,"2012-11-23 23:57:23",-43.099083,-22.894043,"2012-11-23 23:59:42",-43.099083,-22.894041,2.31666666666667
2,30,"2012-11-23 23:59:56",-43.099266,-22.894213,"2012-11-24 00:10:25",-43.099266,-22.894213,10.4833333333333
3,30,"2012-11-24 00:10:56",-43.099468,-22.894476,"2012-11-24 00:15:42",-43.099434,-22.894512,4.76666666666667
4,30,"2012-11-24 00:15:43",-43.099174,-22.89373,"2012-11-24 00:17:43",-43.099174,-22.89373,2
5,30,"2012-11-24 00:19:05",-43.099445,-22.89444,"2012-11-24 00:38:45",-43.099586,-22.894583,19.6666666666667
1,31,"2012-11-24 00:42:02",-43.099274,-22.893755,"2012-11-24 00:45:36",-43.099277,-22.89374,3.56666666666667
2,31,"2012-11-24 00:46:07",-43.099571,-22.894506,"2012-11-24 00:55:47",-43.099457,-22.894457,9.66666666666667
1,32,"2012-11-24 01:25:29",-43.099354,-22.894308,"2012-11-24 01:30:19",-43.09919,-22.894518,4.83333333333333
2,32,"2012-11-24 01:32:30",-43.099167,-22.894371,"2012-11-24 01:34:21",-43.099167,-22.894369,1.85
3,32,"2012-11-24 01:35:07",-43.097698,-22.893726,"2012-11-24 01:40:40",-43.097683,-22.893721,5.55
4,32,"2012-11-24 01:41:46",-43.099121,-22.893812,"2012-11-24 01:44:30",-43.099121,-22.893812,2.73333333333333
5,32,"2012-11-24 01:46:26",-43.099506,-22.894514,"2012-11-24 01:52:43",-43.099316,-22.894428,6.28333333333333
6,32,"2012-11-24 01:53:08",-43.099316,-22.894428,"2012-11-24 01:58:49",-43.099327,-22.894417,5.68333333333333
7,32,"2012-11-24 01:58:50",-43.099339,-22.894316,"2012-11-24 02:05:35",-43.099419,-22.894491,6.75
8,32,"2012-11-24 02:06:44",-43.099503,-22.894445,"2012-11-24 02:10:24",-43.099262,-22.893906,3.66666666666667
9,32,"2012-11-24 02:13:49",-43.099255,-22.894897,"2012-11-24 02:15:30",-43.099255,-22.894897,1.68333333333333
10,32,"2012-11-24 02:17:18",-43.099136,-22.894182,"2012-11-24 02:19:39",-43.099136,-22.89418,2.35
11,32,"2012-11-24 02:20:22",-43.099152,-22.894197,"2012-11-24 02:22:02",-43.099136,-22.89418,1.66666666666667
12,32,"2012-11-24 02:22:22",-43.099117,-22.893782,"2012-11-24 02:25:25",-43.099117,-22.893711,3.05
13,32,"2012-11-24 02:25:47",-43.09914,-22.893099,"2012-11-24 02:28:28",-43.099152,-22.893072,2.68333333333333
14,32,"2012-11-24 02:28:40",-43.099491,-22.89451,"2012-11-24 02:34:45",-43.099491,-22.89451,6.08333333333333
15,32,"2012-11-24 02:35:41",-43.099667,-22.894732,"2012-11-24 02:39:58",-43.099205,-22.893389,4.28333333333333
16,32,"2012-11-24 02:50:36",-43.099129,-22.894468,"2012-11-24 02:57:56",-43.099125,-22.894464,7.33333333333333
17,32,"2012-11-24 02:59:02",-43.099068,-22.894047,"2012-11-24 03:00:43",-43.099068,-22.894047,1.68333333333333
18,32,"2012-11-24 03:02:14",-43.099106,-22.89382,"2012-11-24 03:04:37",-43.099106,-22.89382,2.38333333333333
19,32,"2012-11-24 03:08:35",-43.098957,-22.893829,"2012-11-24 03:11:14",-43.098957,-22.893829,2.65
20,32,"2012-11-24 03:15:04",-43.0994,-22.89427,"2012-11-24 03:16:52",-43.099319,-22.894215,1.8
21,32,"2012-11-24 03:27:44",-43.099388,-22.894279,"2012-11-24 03:35:45",-43.099407,-22.894312,8.01666666666667
22,32,"2012-11-24 03:35:46",-43.098736,-22.893871,"2012-11-24 03:37:35",-43.098736,-22.893871,1.81666666666667
23,32,"2012-11-24 03:38:06",-43.099377,-22.894253,"2012-11-24 03:43:06",-43.099442,-22.894316,5
24,32,"2012-11-24 03:43:07",-43.097782,-22.894224,"2012-11-24 03:47:05",-43.097813,-22.89426,3.96666666666667
25,32,"2012-11-24 03:53:23",-43.099384,-22.894318,"2012-11-24 04:12:53",-43.099392,-22.894264,19.5
1,33,"2012-11-24 04:30:42",-43.098583,-22.893869,"2012-11-24 04:37:27",-43.098652,-22.893991,6.75
2,33,"2012-11-24 04:37:28",-43.099457,-22.894348,"2012-11-24 04:56:02",-43.099415,-22.894302,18.5666666666667
3,33,"2012-11-24 05:01:20",-43.099495,-22.894438,"2012-11-24 05:04:57",-43.099487,-22.894394,3.61666666666667
4,33,"2012-11-24 05:07:24",-43.099392,-22.894333,"2012-11-24 05:25:08",-43.099373,-22.894224,17.7333333333333
1,34,"2012-11-24 06:12:39",-43.099308,-22.894199,"2012-11-24 06:20:00",-43.099392,-22.89427,7.35
2,34,"2012-11-24 06:21:36",-43.099346,-22.894217,"2012-11-24 06:36:01",-43.099407,-22.894285,14.4166666666667
3,34,"2012-11-24 06:37:49",-43.099442,-22.894297,"2012-11-24 06:57:13",-43.099422,-22.894381,19.4
4,34,"2012-11-24 06:57:22",-43.099358,-22.894299,"2012-11-24 07:09:45",-43.099419,-22.894365,12.3833333333333
5,34,"2012-11-24 07:11:42",-43.099407,-22.894377,"2012-11-24 07:26:49",-43.099339,-22.894209,15.1166666666667
1,35,"2012-11-24 07:50:56",-43.099422,-22.894381,"2012-11-24 08:07:06",-43.099396,-22.894314,16.1666666666667
1,36,"2012-11-24 08:23:09",-43.099403,-22.89436,"2012-11-24 08:39:13",-43.099361,-22.894283,16.0666666666667
1,37,"2012-11-24 08:47:29",-43.0994,-22.894258,"2012-11-24 08:49:51",-43.09951,-22.894444,2.36666666666667
2,37,"2012-11-24 08:49:52",-43.099548,-22.894775,"2012-11-24 08:53:39",-43.099514,-22.894846,3.78333333333333
3,37,"2012-11-24 08:56:46",-43.099323,-22.894241,"2012-11-24 08:59:18",-43.099293,-22.894093,2.53333333333333
4,37,"2012-11-24 09:00:06",-43.099495,-22.894344,"2012-11-24 09:03:23",-43.099388,-22.894299,3.28333333333333
5,37,"2012-11-24 09:03:56",-43.099503,-22.894438,"2012-11-24 09:16:38",-43.09903,-22.894276,12.7
6,37,"2012-11-24 09:17:31",-43.099285,-22.894178,"2012-11-24 09:21:52",-43.099121,-22.893948,4.35
7,37,"2012-11-24 09:23:51",-43.099155,-22.894068,"2012-11-24 09:26:39",-43.099323,-22.89427,2.8
8,37,"2012-11-24 09:28:38",-43.099438,-22.895388,"2012-11-24 09:30:20",-43.099438,-22.895388,1.7
9,37,"2012-11-24 09:36:03",-43.099155,-22.893982,"2012-11-24 09:44:02",-43.099228,-22.89415,7.98333333333333
10,37,"2012-11-24 09:46:04",-43.099194,-22.894138,"2012-11-24 09:51:51",-43.099312,-22.894211,5.78333333333333
11,37,"2012-11-24 09:54:39",-43.0994,-22.894281,"2012-11-24 09:59:39",-43.099159,-22.893862,5
12,37,"2012-11-24 10:00:08",-43.099274,-22.894033,"2012-11-24 10:03:42",-43.099308,-22.894184,3.56666666666667
13,37,"2012-11-24 10:08:09",-43.099087,-22.89393,"2012-11-24 10:19:12",-43.099216,-22.894106,11.05
14,37,"2012-11-24 10:22:44",-43.099174,-22.89398,"2012-11-24 10:24:56",-43.099335,-22.894215,2.2
15,37,"2012-11-24 10:26:52",-43.099442,-22.893454,"2012-11-24 10:44:54",-43.099445,-22.893454,18.0333333333333
16,37,"2012-11-24 10:45:09",-43.099388,-22.893517,"2012-11-24 11:00:12",-43.099365,-22.893387,15.05
17,37,"2012-11-24 11:00:37",-43.099525,-22.893501,"2012-11-24 11:02:46",-43.099586,-22.893467,2.15
18,37,"2012-11-24 11:02:48",-43.099525,-22.893568,"2012-11-24 11:05:16",-43.099331,-22.893187,2.46666666666667
19,37,"2012-11-24 11:05:17",-43.099323,-22.89316,"2012-11-24 11:09:05",-43.099525,-22.893326,3.8
20,37,"2012-11-24 11:09:17",-43.099525,-22.893326,"2012-11-24 11:15:29",-43.099533,-22.89332,6.2
21,37,"2012-11-24 11:20:15",-43.099586,-22.893169,"2012-11-24 11:22:18",-43.099697,-22.893089,2.05
22,37,"2012-11-24 11:22:19",-43.099407,-22.892929,"2012-11-24 11:24:54",-43.099487,-22.8934,2.58333333333333
23,37,"2012-11-24 11:39:06",-43.100334,-22.895426,"2012-11-24 11:40:36",-43.100334,-22.895397,1.5
24,37,"2012-11-24 11:43:49",-43.100262,-22.895008,"2012-11-24 11:45:51",-43.100262,-22.895008,2.03333333333333
25,37,"2012-11-24 11:55:19",-43.100086,-22.895346,"2012-11-24 12:04:54",-43.100063,-22.895315,9.58333333333333
26,37,"2012-11-24 12:05:26",-43.099934,-22.895237,"2012-11-24 12:07:44",-43.099949,-22.89525,2.3
27,37,"2012-11-24 12:07:45",-43.099995,-22.895325,"2012-11-24 12:13:20",-43.100105,-22.895327,5.58333333333333
28,37,"2012-11-24 12:14:30",-43.100204,-22.89539,"2012-11-24 12:27:31",-43.100235,-22.89546,13.0166666666667
29,37,"2012-11-24 12:29:19",-43.100163,-22.895298,"2012-11-24 12:31:05",-43.100101,-22.895361,1.76666666666667
30,37,"2012-11-24 12:33:11",-43.100124,-22.895315,"2012-11-24 12:34:44",-43.100159,-22.895302,1.55
31,37,"2012-11-24 12:36:28",-43.100563,-22.895409,"2012-11-24 12:54:03",-43.100288,-22.895288,17.5833333333333
1,38,"2012-11-24 13:05:40",-43.100349,-22.895346,"2012-11-24 13:09:50",-43.10033,-22.895338,4.16666666666667
2,38,"2012-11-24 13:12:03",-43.100296,-22.895292,"2012-11-24 13:24:02",-43.10038,-22.895334,11.9833333333333
3,38,"2012-11-24 13:24:43",-43.100464,-22.895365,"2012-11-24 13:43:08",-43.100388,-22.895348,18.4166666666667
1,39,"2012-11-24 13:57:18",-43.100414,-22.895348,"2012-11-24 14:06:18",-43.100414,-22.895369,9
2,39,"2012-11-24 14:07:25",-43.100452,-22.895401,"2012-11-24 14:10:25",-43.100517,-22.895239,3
3,39,"2012-11-24 14:10:56",-43.100533,-22.895489,"2012-11-24 14:12:48",-43.100803,-22.895409,1.86666666666667
4,39,"2012-11-24 14:13:19",-43.100494,-22.895399,"2012-11-24 14:17:39",-43.10083,-22.895435,4.33333333333333
5,39,"2012-11-24 14:18:10",-43.100372,-22.895309,"2012-11-24 14:20:57",-43.100437,-22.895229,2.78333333333333
6,39,"2012-11-24 14:25:23",-43.10041,-22.895332,"2012-11-24 14:31:06",-43.100323,-22.895136,5.71666666666667
7,39,"2012-11-24 14:33:09",-43.100201,-22.89525,"2012-11-24 14:35:16",-43.100201,-22.89525,2.11666666666667
8,39,"2012-11-24 14:38:36",-43.100418,-22.89535,"2012-11-24 14:57:18",-43.100437,-22.895355,18.7
9,39,"2012-11-24 14:57:41",-43.100433,-22.895382,"2012-11-24 15:14:31",-43.100445,-22.89537,16.8333333333333
1,40,"2012-11-24 15:18:48",-43.100563,-22.895351,"2012-11-24 15:38:37",-43.100353,-22.895348,19.8166666666667
1,41,"2012-11-24 15:42:10",-43.100422,-22.895342,"2012-11-24 15:56:40",-43.100449,-22.895382,14.5
2,41,"2012-11-24 16:05:06",-43.100422,-22.895311,"2012-11-24 16:08:18",-43.100426,-22.895296,3.2
3,41,"2012-11-24 16:08:19",-43.100292,-22.895306,"2012-11-24 16:10:35",-43.100452,-22.895269,2.26666666666667
4,41,"2012-11-24 16:11:58",-43.10041,-22.895262,"2012-11-24 16:13:48",-43.100388,-22.895351,1.83333333333333
5,41,"2012-11-24 16:20:51",-43.100353,-22.895245,"2012-11-24 16:22:56",-43.100349,-22.895233,2.08333333333333
6,41,"2012-11-24 16:23:11",-43.100258,-22.894316,"2012-11-24 16:40:32",-43.100258,-22.894316,17.35
7,41,"2012-11-24 16:41:03",-43.100368,-22.895308,"2012-11-24 16:50:54",-43.100388,-22.895311,9.85
8,41,"2012-11-24 16:50:55",-43.099575,-22.895264,"2012-11-24 16:55:36",-43.099575,-22.895264,4.68333333333333
9,41,"2012-11-24 16:56:40",-43.101337,-22.895283,"2012-11-24 16:58:30",-43.101326,-22.895279,1.83333333333333
10,41,"2012-11-24 16:59:01",-43.099014,-22.894434,"2012-11-24 17:08:55",-43.099007,-22.894424,9.9
11,41,"2012-11-24 17:09:11",-43.100231,-22.895365,"2012-11-24 17:10:45",-43.100231,-22.895365,1.56666666666667
12,41,"2012-11-24 17:11:13",-43.099995,-22.895092,"2012-11-24 17:13:22",-43.099991,-22.895092,2.15
13,41,"2012-11-24 17:13:26",-43.099991,-22.895082,"2012-11-24 17:18:59",-43.100075,-22.895027,5.55
14,41,"2012-11-24 17:19:05",-43.100243,-22.89492,"2012-11-24 17:23:16",-43.100258,-22.894909,4.18333333333333
15,41,"2012-11-24 17:23:37",-43.100384,-22.89505,"2012-11-24 17:25:14",-43.100311,-22.895023,1.61666666666667
16,41,"2012-11-24 17:26:56",-43.100151,-22.894875,"2012-11-24 17:28:36",-43.100151,-22.89488,1.66666666666667
17,41,"2012-11-24 17:30:24",-43.100136,-22.894901,"2012-11-24 17:32:42",-43.10014,-22.894903,2.3
18,41,"2012-11-24 17:34:52",-43.100437,-22.895184,"2012-11-24 17:36:36",-43.100437,-22.895184,1.73333333333333
19,41,"2012-11-24 17:36:37",-43.100437,-22.895176,"2012-11-24 17:49:26",-43.100441,-22.895161,12.8166666666667
20,41,"2012-11-24 17:52:14",-43.100498,-22.89537,"2012-11-24 17:56:46",-43.100426,-22.894991,4.53333333333333
21,41,"2012-11-24 17:58:36",-43.100266,-22.89476,"2012-11-24 18:00:26",-43.100266,-22.89476,1.83333333333333
22,41,"2012-11-24 18:03:12",-43.100555,-22.895369,"2012-11-24 18:22:07",-43.100422,-22.895382,18.9166666666667
1,42,"2012-11-24 19:06:44",-43.100327,-22.895321,"2012-11-24 19:20:14",-43.100491,-22.89542,13.5
2,42,"2012-11-24 19:21:49",-43.100315,-22.895308,"2012-11-24 19:37:56",-43.100426,-22.895063,16.1166666666667
3,42,"2012-11-24 19:38:27",-43.100292,-22.895302,"2012-11-24 19:47:17",-43.100494,-22.895367,8.83333333333333
1,43,"2012-10-15 07:09:22",-43.219578,-22.96417,"2012-10-15 07:14:51",-43.219578,-22.96417,5.48333333333333
2,43,"2012-10-15 07:14:58",-43.219551,-22.96397,"2012-10-15 07:25:43",-43.219551,-22.96397,10.75
3,43,"2012-10-15 07:39:07",-43.219566,-22.964144,"2012-10-15 07:41:41",-43.219566,-22.964144,2.56666666666667
4,43,"2012-10-15 07:41:42",-43.219574,-22.96419,"2012-10-15 07:49:49",-43.219608,-22.964184,8.11666666666667
1,46,"2012-10-15 20:53:12",-43.219288,-22.964018,"2012-10-15 20:56:18",-43.219429,-22.964071,3.1
1,50,"2012-10-18 19:04:23",-43.184666,-22.950853,"2012-10-18 19:06:42",-43.184666,-22.950853,2.31666666666667
2,50,"2012-10-18 19:55:18",-43.219311,-22.964165,"2012-10-18 19:56:53",-43.219288,-22.964188,1.58333333333333
1,51,"2012-10-19 10:55:29",-43.195141,-22.955767,"2012-10-19 10:58:30",-43.195141,-22.955767,3.01666666666667
1,52,"2012-10-19 17:25:52",-43.219418,-22.964109,"2012-10-19 17:27:47",-43.219418,-22.964109,1.91666666666667
2,52,"2012-10-19 17:27:48",-43.219391,-22.964071,"2012-10-19 17:29:48",-43.219391,-22.964071,2
3,52,"2012-10-19 17:30:38",-43.219391,-22.964056,"2012-10-19 17:44:35",-43.218357,-22.963345,13.95
4,52,"2012-10-19 17:44:36",-43.219471,-22.964039,"2012-10-19 17:59:36",-43.219711,-22.963852,15
5,52,"2012-10-19 17:59:56",-43.219658,-22.963884,"2012-10-19 18:03:22",-43.219658,-22.963884,3.43333333333333
1,54,"2012-10-21 10:04:59",-43.220123,-22.966637,"2012-10-21 10:07:39",-43.220123,-22.966637,2.66666666666667
2,54,"2012-10-21 10:07:54",-43.220085,-22.966534,"2012-10-21 10:11:01",-43.220085,-22.966534,3.11666666666667
1,58,"2012-10-24 17:04:52",-43.219551,-22.964251,"2012-10-24 17:09:22",-43.219551,-22.964251,4.5
2,58,"2012-10-24 17:09:23",-43.219509,-22.964226,"2012-10-24 17:13:17",-43.219509,-22.964226,3.9
1,61,"2012-10-25 17:29:07",-43.21917,-22.96406,"2012-10-25 17:31:42",-43.219181,-22.964029,2.58333333333333
1,62,"2012-10-25 20:06:34",-43.21936,-22.964029,"2012-10-25 20:11:32",-43.219181,-22.964205,4.96666666666667
2,62,"2012-10-25 20:12:44",-43.219173,-22.963949,"2012-10-25 20:17:44",-43.219231,-22.964039,5
1,67,"2012-10-29 18:46:56",-43.219521,-22.964073,"2012-10-29 18:51:29",-43.218746,-22.963017,4.55
2,67,"2012-10-29 18:52:00",-43.219395,-22.96402,"2012-10-29 19:02:02",-43.219395,-22.964029,10.0333333333333
1,68,"2012-10-30 17:01:52",-43.219288,-22.964005,"2012-10-30 17:06:43",-43.219357,-22.964024,4.85
2,68,"2012-10-30 17:07:09",-43.219448,-22.964024,"2012-10-30 17:09:21",-43.21944,-22.964037,2.2
1,69,"2012-11-01 09:36:58",-43.219242,-22.964031,"2012-11-01 09:42:16",-43.219303,-22.963898,5.3
1,77,"2012-11-10 16:26:52",-43.216904,-22.966726,"2012-11-10 16:28:40",-43.216904,-22.966726,1.8
2,77,"2012-11-10 16:31:10",-43.219818,-22.963955,"2012-11-10 16:34:36",-43.219826,-22.963964,3.43333333333333
3,77,"2012-11-10 16:36:05",-43.219341,-22.964003,"2012-11-10 16:44:37",-43.219311,-22.963997,8.53333333333333
1,79,"2012-11-22 13:27:03",-43.198574,-22.954342,"2012-11-22 13:43:44",-43.198574,-22.954342,16.6833333333333
2,79,"2012-11-22 13:45:03",-43.19519,-22.955915,"2012-11-22 13:55:30",-43.195187,-22.95591,10.45
3,79,"2012-11-22 13:55:31",-43.195145,-22.955885,"2012-11-22 13:58:56",-43.195145,-22.955885,3.41666666666667
1,80,"2012-11-24 15:11:13",-43.219353,-22.964106,"2012-11-24 15:17:28",-43.219353,-22.964106,6.25
2,80,"2012-11-24 15:17:29",-43.219326,-22.964146,"2012-11-24 15:21:21",-43.219322,-22.964151,3.86666666666667
1,81,"2013-03-29 16:59:31",-43.216541,-22.972483,"2013-03-29 17:06:56",-43.216541,-22.972492,7.41666666666667
1,82,"2013-05-10 21:40:48",-43.219505,-22.964422,"2013-05-10 21:42:28",-43.219505,-22.964422,1.66666666666667
2,82,"2013-05-10 21:43:31",-43.21928,-22.96393,"2013-05-10 21:45:11",-43.219475,-22.963825,1.66666666666667
3,82,"2013-05-10 21:45:22",-43.21954,-22.964079,"2013-05-10 21:53:04",-43.21954,-22.964079,7.7
4,82,"2013-05-10 21:53:05",-43.219589,-22.964083,"2013-05-10 21:54:46",-43.219589,-22.964083,1.68333333333333
1,85,"2013-03-20 17:54:45",-43.189117,-22.957054,"2013-03-20 17:56:29",-43.189102,-22.957035,1.73333333333333
2,85,"2013-03-20 17:57:22",-43.189133,-22.957054,"2013-03-20 18:00:05",-43.189133,-22.957027,2.71666666666667
1,87,"2013-03-21 09:37:33",-43.224457,-22.970474,"2013-03-21 09:39:04",-43.224457,-22.970478,1.51666666666667
1,88,"2013-03-27 19:02:09",-43.21946,-22.964064,"2013-03-27 19:05:05",-43.21946,-22.964062,2.93333333333333
1,89,"2013-03-28 08:37:29",-43.18071,-22.940947,"2013-03-28 08:41:00",-43.180702,-22.940878,3.51666666666667
2,89,"2013-03-28 08:57:24",-43.182377,-22.909361,"2013-03-28 09:01:50",-43.182362,-22.90934,4.43333333333333
3,89,"2013-03-28 09:03:59",-43.182228,-22.909641,"2013-03-28 09:13:28",-43.182323,-22.909637,9.48333333333333
4,89,"2013-03-28 09:14:29",-43.182373,-22.909418,"2013-03-28 09:17:08",-43.182369,-22.909426,2.65
5,89,"2013-03-28 09:21:41",-43.182411,-22.909412,"2013-03-28 09:26:36",-43.182426,-22.909376,4.91666666666667
1,93,"2013-03-31 12:25:30",-43.165894,-22.955486,"2013-03-31 12:27:17",-43.16589,-22.955488,1.78333333333333
2,93,"2013-03-31 12:54:38",-43.219418,-22.964071,"2013-03-31 13:01:48",-43.219418,-22.964071,7.16666666666667
1,94,"2013-04-10 07:48:19",-43.23642,-22.981478,"2013-04-10 07:56:41",-43.23642,-22.981478,8.36666666666667
1,95,"2013-04-11 10:04:22",-43.182423,-22.909252,"2013-04-11 10:07:46",-43.182419,-22.90925,3.4
2,95,"2013-04-11 10:09:11",-43.182411,-22.909224,"2013-04-11 10:18:52",-43.182411,-22.909224,9.68333333333333
1,96,"2013-04-20 14:33:34",-43.219517,-22.963982,"2013-04-20 14:35:39",-43.219383,-22.96418,2.08333333333333
1,100,"2013-04-25 09:58:45",-43.182255,-22.909386,"2013-04-25 10:00:20",-43.182281,-22.909336,1.58333333333333
2,100,"2013-04-25 10:00:36",-43.182304,-22.909334,"2013-04-25 10:06:52",-43.182304,-22.909334,6.26666666666667
1,101,"2013-04-27 20:03:04",-43.219299,-22.964163,"2013-04-27 20:12:47",-43.219299,-22.964163,9.71666666666667
1,119,"2013-05-21 11:06:53",-43.182556,-22.908163,"2013-05-21 11:08:24",-43.182209,-22.908255,1.51666666666667
2,119,"2013-05-21 11:08:25",-43.18227,-22.908529,"2013-05-21 11:17:43",-43.183144,-22.907833,9.3
3,119,"2013-05-21 11:18:58",-43.182289,-22.908665,"2013-05-21 11:20:54",-43.182178,-22.908337,1.93333333333333
1,124,"2013-05-25 10:26:39",-43.218025,-22.964619,"2013-05-25 10:37:23",-43.217976,-22.962896,10.7333333333333
2,124,"2013-05-25 10:39:25",-43.219551,-22.964106,"2013-05-25 10:48:11",-43.219551,-22.964106,8.76666666666667
3,124,"2013-05-25 10:48:12",-43.219501,-22.964113,"2013-05-25 10:55:11",-43.219501,-22.964113,6.98333333333333
1,125,"2013-05-03 18:06:09",-43.09885,-22.932419,"2013-05-03 18:07:54",-43.098843,-22.932421,1.75
2,125,"2013-05-03 18:14:53",-43.094849,-22.924555,"2013-05-03 18:16:41",-43.094849,-22.924555,1.8
3,125,"2013-05-03 18:16:43",-43.094856,-22.924585,"2013-05-03 18:22:01",-43.094852,-22.924585,5.3
4,125,"2013-05-03 18:32:43",-43.094868,-22.924698,"2013-05-03 18:34:17",-43.094868,-22.924698,1.56666666666667
5,125,"2013-05-03 18:34:25",-43.094841,-22.924664,"2013-05-03 18:36:51",-43.094841,-22.924664,2.43333333333333
6,125,"2013-05-03 18:38:43",-43.094322,-22.925461,"2013-05-03 18:41:06",-43.094322,-22.925461,2.38333333333333
7,125,"2013-05-03 18:47:09",-43.094585,-22.924782,"2013-05-03 18:49:17",-43.094585,-22.924782,2.13333333333333
8,125,"2013-05-03 18:49:24",-43.094402,-22.924503,"2013-05-03 18:52:19",-43.094402,-22.924509,2.91666666666667
9,125,"2013-05-03 18:56:45",-43.094715,-22.925085,"2013-05-03 18:59:54",-43.094715,-22.925085,3.15
10,125,"2013-05-03 19:06:23",-43.094673,-22.924986,"2013-05-03 19:09:05",-43.094673,-22.924986,2.7
11,125,"2013-05-03 19:15:26",-43.094833,-22.924816,"2013-05-03 19:17:45",-43.094849,-22.924828,2.31666666666667
1,126,"2013-05-05 15:20:28",-43.135174,-22.904806,"2013-05-05 15:22:09",-43.135174,-22.904806,1.68333333333333
2,126,"2013-05-05 15:23:24",-43.135208,-22.904785,"2013-05-05 15:27:21",-43.135216,-22.904802,3.95
3,126,"2013-05-05 15:27:22",-43.135223,-22.904804,"2013-05-05 15:29:02",-43.135223,-22.904802,1.66666666666667
4,126,"2013-05-05 16:08:33",-43.131283,-22.899014,"2013-05-05 16:11:54",-43.131157,-22.899225,3.35
5,126,"2013-05-05 16:15:25",-43.131046,-22.899055,"2013-05-05 16:17:44",-43.131042,-22.899071,2.31666666666667
6,126,"2013-05-05 16:23:06",-43.131199,-22.898977,"2013-05-05 16:26:07",-43.131199,-22.898977,3.01666666666667
7,126,"2013-05-05 16:26:08",-43.131218,-22.898994,"2013-05-05 16:29:29",-43.131218,-22.898994,3.35
8,126,"2013-05-05 16:37:36",-43.135212,-22.904791,"2013-05-05 16:39:11",-43.135212,-22.904787,1.58333333333333
9,126,"2013-05-05 16:42:19",-43.135178,-22.904903,"2013-05-05 16:44:01",-43.135178,-22.904903,1.7
1,128,"2012-11-27 18:36:59",-43.018837,-22.945675,"2012-11-27 18:49:23",-43.018837,-22.945681,12.4
1,129,"2012-11-27 20:36:54",-43.059471,-22.939354,"2012-11-27 20:47:49",-43.059521,-22.939344,10.9166666666667
1,130,"2012-11-28 07:45:45",-43.099133,-22.932289,"2012-11-28 07:47:57",-43.099178,-22.932358,2.2
2,130,"2012-11-28 07:56:11",-43.099537,-22.931412,"2012-11-28 08:00:12",-43.099537,-22.931419,4.01666666666667
3,130,"2012-11-28 08:35:47",-43.178299,-22.903576,"2012-11-28 08:44:22",-43.178345,-22.903543,8.58333333333333
4,130,"2012-11-28 08:44:23",-43.178303,-22.903519,"2012-11-28 08:50:48",-43.178303,-22.903519,6.41666666666667
1,131,"2012-11-30 07:35:52",-43.099365,-22.93228,"2012-11-30 07:40:51",-43.099365,-22.93228,4.98333333333333
2,131,"2012-11-30 07:41:57",-43.099476,-22.931877,"2012-11-30 07:49:12",-43.099476,-22.931877,7.25
1,132,"2012-12-03 08:29:38",-43.178303,-22.903524,"2012-12-03 08:31:32",-43.178303,-22.903524,1.9
1,133,"2012-10-22 11:26:06",-43.219791,-22.96397,"2012-10-22 11:28:19",-43.219795,-22.963989,2.21666666666667
2,133,"2012-10-22 11:30:16",-43.219311,-22.964018,"2012-10-22 11:50:15",-43.219551,-22.963867,19.9833333333333
1,135,"2012-10-22 12:21:10",-43.21899,-22.963997,"2012-10-22 12:27:40",-43.218998,-22.963846,6.5
2,135,"2012-10-22 12:28:26",-43.219166,-22.963991,"2012-10-22 12:43:51",-43.219185,-22.964052,15.4166666666667
1,136,"2012-10-22 13:00:44",-43.219692,-22.964027,"2012-10-22 13:13:18",-43.219135,-22.963873,12.5666666666667
2,136,"2012-10-22 13:13:49",-43.218952,-22.964153,"2012-10-22 13:28:51",-43.219158,-22.96406,15.0333333333333
1,137,"2012-10-22 14:09:46",-43.219456,-22.964062,"2012-10-22 14:14:47",-43.219406,-22.964037,5.01666666666667
1,138,"2012-10-22 15:48:28",-43.219231,-22.964224,"2012-10-22 15:50:38",-43.219471,-22.964272,2.16666666666667
2,138,"2012-10-22 15:54:08",-43.21941,-22.964193,"2012-10-22 15:56:02",-43.21941,-22.964193,1.9
3,138,"2012-10-22 15:56:41",-43.219448,-22.964104,"2012-10-22 15:58:57",-43.219452,-22.964106,2.26666666666667
4,138,"2012-10-22 16:01:29",-43.219364,-22.96413,"2012-10-22 16:16:54",-43.219223,-22.964058,15.4166666666667
1,139,"2012-10-22 16:28:46",-43.219383,-22.964081,"2012-10-22 16:33:47",-43.219269,-22.964144,5.01666666666667
2,139,"2012-10-22 16:33:48",-43.219017,-22.964111,"2012-10-22 16:42:12",-43.219017,-22.964111,8.4
3,139,"2012-10-22 16:42:44",-43.218513,-22.96447,"2012-10-22 16:47:11",-43.218506,-22.964472,4.45
4,139,"2012-10-22 16:47:42",-43.219341,-22.964134,"2012-10-22 16:54:59",-43.219151,-22.964338,7.28333333333333
5,139,"2012-10-22 16:55:07",-43.219353,-22.964115,"2012-10-22 17:01:03",-43.219082,-22.965042,5.93333333333333
6,139,"2012-10-22 17:01:11",-43.218994,-22.964111,"2012-10-22 17:05:19",-43.219391,-22.964428,4.13333333333333
7,139,"2012-10-22 17:05:50",-43.219284,-22.964018,"2012-10-22 17:08:36",-43.219273,-22.964195,2.76666666666667
8,139,"2012-10-22 17:09:07",-43.21944,-22.964067,"2012-10-22 17:20:37",-43.219067,-22.964001,11.5
9,139,"2012-10-22 17:21:00",-43.219391,-22.964079,"2012-10-22 17:26:01",-43.219265,-22.96409,5.01666666666667
10,139,"2012-10-22 17:26:18",-43.219311,-22.964487,"2012-10-22 17:30:43",-43.219311,-22.964487,4.41666666666667
11,139,"2012-10-22 17:31:14",-43.219421,-22.964088,"2012-10-22 17:46:16",-43.219292,-22.964027,15.0333333333333
12,139,"2012-10-22 17:46:34",-43.219303,-22.964148,"2012-10-22 17:51:58",-43.2192,-22.964018,5.4
13,139,"2012-10-22 17:53:22",-43.219147,-22.96401,"2012-10-22 18:08:47",-43.21912,-22.964069,15.4166666666667
1,140,"2012-10-22 18:17:14",-43.219025,-22.964413,"2012-10-22 18:21:01",-43.219025,-22.964413,3.78333333333333
2,140,"2012-10-22 18:21:04",-43.218975,-22.964413,"2012-10-22 18:27:53",-43.218975,-22.964413,6.81666666666667
3,140,"2012-10-22 18:28:24",-43.219196,-22.964134,"2012-10-22 18:45:25",-43.219479,-22.964025,17.0166666666667
1,141,"2012-10-24 12:16:28",-43.207535,-22.896921,"2012-10-24 12:22:08",-43.207561,-22.896915,5.66666666666667
2,141,"2012-10-24 12:22:57",-43.206547,-22.898142,"2012-10-24 12:28:29",-43.206558,-22.89814,5.53333333333333
3,141,"2012-10-24 12:28:30",-43.206581,-22.898132,"2012-10-24 12:43:48",-43.206676,-22.898104,15.3
1,142,"2012-10-24 13:09:02",-43.207169,-22.897789,"2012-10-24 13:11:04",-43.20718,-22.897776,2.03333333333333
2,142,"2012-10-24 13:16:32",-43.206936,-22.898108,"2012-10-24 13:18:16",-43.206936,-22.898108,1.73333333333333
3,142,"2012-10-24 13:35:16",-43.204838,-22.898012,"2012-10-24 13:42:36",-43.204887,-22.898043,7.33333333333333
4,142,"2012-10-24 13:59:15",-43.209721,-22.898754,"2012-10-24 14:01:49",-43.209721,-22.898754,2.56666666666667
5,142,"2012-10-24 15:02:44",-43.230373,-22.975845,"2012-10-24 15:17:44",-43.229519,-22.975071,15
1,143,"2012-10-24 15:32:44",-43.230331,-22.975819,"2012-10-24 15:47:44",-43.229515,-22.975067,15
1,144,"2012-10-24 16:11:30",-43.23642,-22.981926,"2012-10-24 16:19:00",-43.236355,-22.981861,7.5
2,144,"2012-10-24 16:27:45",-43.230358,-22.975904,"2012-10-24 16:32:45",-43.229721,-22.975273,5
3,144,"2012-10-24 16:36:31",-43.236366,-22.981874,"2012-10-24 16:41:31",-43.236397,-22.981903,5
4,144,"2012-10-24 16:41:33",-43.236412,-22.981918,"2012-10-24 16:49:03",-43.236351,-22.981857,7.5
5,144,"2012-10-24 16:57:45",-43.230358,-22.975904,"2012-10-24 17:12:45",-43.229523,-22.975077,15
1,145,"2012-10-24 17:22:14",-43.23642,-22.981926,"2012-10-24 17:29:44",-43.236359,-22.981865,7.5
2,145,"2012-10-24 17:35:44",-43.236401,-22.981907,"2012-10-24 17:37:14",-43.23634,-22.981846,1.5
3,145,"2012-10-24 17:51:50",-43.236374,-22.981493,"2012-10-24 17:59:20",-43.236313,-22.981436,7.5
4,145,"2012-10-24 18:07:16",-43.230354,-22.975853,"2012-10-24 18:22:16",-43.229523,-22.975077,15
1,146,"2012-10-24 18:47:07",-43.236481,-22.981474,"2012-10-24 18:54:37",-43.23642,-22.981417,7.5
2,146,"2012-10-24 19:02:16",-43.230366,-22.975851,"2012-10-24 19:07:16",-43.229725,-22.97526,5
3,146,"2012-10-24 19:08:15",-43.236397,-22.981903,"2012-10-24 19:15:45",-43.236336,-22.981844,7.5
4,146,"2012-10-24 19:22:17",-43.230354,-22.975904,"2012-10-24 19:37:17",-43.229523,-22.975077,15
1,147,"2012-10-24 21:13:04",-43.236481,-22.981474,"2012-10-24 21:20:34",-43.23642,-22.981417,7.5
2,147,"2012-10-24 21:27:18",-43.230366,-22.975851,"2012-10-24 21:32:18",-43.229725,-22.97526,5
3,147,"2012-10-24 21:33:10",-43.236485,-22.981474,"2012-10-24 21:40:40",-43.23642,-22.981417,7.5
4,147,"2012-10-24 21:47:18",-43.230366,-22.975851,"2012-10-24 22:02:19",-43.229523,-22.975077,15.0166666666667
1,148,"2012-10-28 11:18:20",-43.236954,-22.981247,"2012-10-28 11:23:00",-43.236656,-22.980919,4.66666666666667
2,148,"2012-10-28 11:24:08",-43.237103,-22.981089,"2012-10-28 11:44:07",-43.236774,-22.981306,19.9833333333333
1,149,"2012-10-28 11:54:13",-43.236172,-22.982037,"2012-10-28 12:02:18",-43.236168,-22.982025,8.08333333333333
2,149,"2012-10-28 12:03:45",-43.236458,-22.98111,"2012-10-28 12:07:42",-43.237335,-22.981009,3.95
3,149,"2012-10-28 12:07:43",-43.237328,-22.98103,"2012-10-28 12:09:57",-43.237328,-22.98103,2.23333333333333
4,149,"2012-10-28 12:14:03",-43.236408,-22.981043,"2012-10-28 12:17:51",-43.236633,-22.981882,3.8
5,149,"2012-10-28 12:19:54",-43.237183,-22.981236,"2012-10-28 12:30:06",-43.237183,-22.981236,10.2
6,149,"2012-10-28 12:30:38",-43.236759,-22.981195,"2012-10-28 12:34:28",-43.23695,-22.981218,3.83333333333333
7,149,"2012-10-28 12:36:02",-43.236343,-22.981199,"2012-10-28 12:45:49",-43.236343,-22.981199,9.78333333333333
8,149,"2012-10-28 12:45:50",-43.236382,-22.981192,"2012-10-28 13:03:23",-43.236382,-22.981192,17.55
9,149,"2012-10-28 13:03:26",-43.236385,-22.981197,"2012-10-28 13:17:21",-43.236385,-22.981197,13.9166666666667
10,149,"2012-10-28 13:21:00",-43.236782,-22.981194,"2012-10-28 13:40:59",-43.236744,-22.981194,19.9833333333333
1,150,"2012-10-28 13:58:25",-43.23671,-22.981171,"2012-10-28 14:03:24",-43.23671,-22.981171,4.98333333333333
2,150,"2012-10-28 14:03:25",-43.236706,-22.981167,"2012-10-28 14:18:23",-43.236706,-22.981167,14.9666666666667
3,150,"2012-10-28 14:18:24",-43.236691,-22.981134,"2012-10-28 14:23:22",-43.236691,-22.981134,4.96666666666667
4,150,"2012-10-28 14:23:26",-43.236774,-22.981039,"2012-10-28 14:43:25",-43.236774,-22.981039,19.9833333333333
1,151,"2012-10-28 15:06:38",-43.236912,-22.981413,"2012-10-28 15:26:37",-43.236912,-22.981413,19.9833333333333
1,152,"2012-11-13 20:41:18",-43.236961,-22.9811,"2012-11-13 20:58:05",-43.236961,-22.9811,16.7833333333333
2,152,"2012-11-13 20:58:06",-43.23695,-22.981052,"2012-11-13 21:18:05",-43.23695,-22.981052,19.9833333333333
1,153,"2012-11-13 21:45:12",-43.236904,-22.981026,"2012-11-13 22:05:11",-43.236904,-22.981026,19.9833333333333
1,154,"2012-11-13 22:10:13",-43.236851,-22.980963,"2012-11-13 22:15:12",-43.236851,-22.980963,4.98333333333333
2,154,"2012-11-13 22:15:13",-43.236832,-22.980947,"2012-11-13 22:35:12",-43.236832,-22.980947,19.9833333333333
1,155,"2012-11-13 22:42:49",-43.238033,-22.98173,"2012-11-13 22:51:46",-43.238033,-22.981731,8.95
2,155,"2012-11-13 22:54:26",-43.237068,-22.981026,"2012-11-13 23:14:25",-43.237076,-22.981022,19.9833333333333
1,156,"2012-11-13 23:26:06",-43.237076,-22.981022,"2012-11-13 23:29:32",-43.237076,-22.981022,3.43333333333333
2,156,"2012-11-13 23:40:13",-43.236626,-22.980989,"2012-11-13 23:42:10",-43.236626,-22.980989,1.95
3,156,"2012-11-13 23:51:08",-43.236717,-22.981091,"2012-11-13 23:52:40",-43.236717,-22.981091,1.53333333333333
4,156,"2012-11-13 23:55:49",-43.23698,-22.981133,"2012-11-13 23:57:42",-43.23698,-22.981133,1.88333333333333
5,156,"2012-11-13 23:58:24",-43.236828,-22.981129,"2012-11-14 00:00:06",-43.236832,-22.981129,1.7
6,156,"2012-11-14 00:10:34",-43.236832,-22.98101,"2012-11-14 00:13:29",-43.236832,-22.98101,2.91666666666667
7,156,"2012-11-14 00:21:34",-43.23682,-22.981104,"2012-11-14 00:23:05",-43.23682,-22.981104,1.51666666666667
8,156,"2012-11-14 00:23:06",-43.236824,-22.981108,"2012-11-14 00:24:46",-43.236828,-22.981106,1.66666666666667
9,156,"2012-11-14 00:25:54",-43.236847,-22.98111,"2012-11-14 00:27:38",-43.236847,-22.98111,1.73333333333333
10,156,"2012-11-14 00:31:14",-43.23671,-22.981192,"2012-11-14 00:33:02",-43.23671,-22.981192,1.8
11,156,"2012-11-14 01:07:26",-43.23687,-22.981157,"2012-11-14 01:09:47",-43.23687,-22.981157,2.35
12,156,"2012-11-14 01:19:35",-43.236778,-22.981047,"2012-11-14 01:21:46",-43.236778,-22.981047,2.18333333333333
13,156,"2012-11-14 01:22:05",-43.236755,-22.981062,"2012-11-14 01:23:52",-43.236755,-22.981062,1.78333333333333
14,156,"2012-11-14 01:24:45",-43.236691,-22.980846,"2012-11-14 01:26:17",-43.236691,-22.980846,1.53333333333333
15,156,"2012-11-14 01:27:18",-43.236816,-22.981136,"2012-11-14 01:29:08",-43.236816,-22.981136,1.83333333333333
16,156,"2012-11-14 01:29:09",-43.23682,-22.981153,"2012-11-14 01:41:47",-43.236843,-22.98119,12.6333333333333
17,156,"2012-11-14 01:49:39",-43.236916,-22.981255,"2012-11-14 01:54:43",-43.236916,-22.981255,5.06666666666667
18,156,"2012-11-14 01:55:49",-43.236916,-22.981268,"2012-11-14 01:58:17",-43.236916,-22.981268,2.46666666666667
19,156,"2012-11-14 01:58:18",-43.236912,-22.981285,"2012-11-14 02:00:10",-43.236912,-22.981285,1.86666666666667
20,156,"2012-11-14 02:01:55",-43.236935,-22.981276,"2012-11-14 02:03:31",-43.236935,-22.981276,1.6
21,156,"2012-11-14 02:06:06",-43.236862,-22.981213,"2012-11-14 02:08:33",-43.236862,-22.981213,2.45
22,156,"2012-11-14 02:10:26",-43.236946,-22.981367,"2012-11-14 02:12:29",-43.236946,-22.981367,2.05
23,156,"2012-11-14 02:16:59",-43.236855,-22.981178,"2012-11-14 02:18:59",-43.236855,-22.981178,2
24,156,"2012-11-14 02:30:32",-43.236706,-22.981321,"2012-11-14 02:32:18",-43.236698,-22.981318,1.76666666666667
25,156,"2012-11-14 02:32:26",-43.236858,-22.981327,"2012-11-14 02:37:12",-43.236862,-22.981327,4.76666666666667
26,156,"2012-11-14 02:38:21",-43.236866,-22.981354,"2012-11-14 02:40:58",-43.236866,-22.981354,2.61666666666667
27,156,"2012-11-14 03:35:43",-43.236774,-22.981255,"2012-11-14 03:39:50",-43.236961,-22.981293,4.11666666666667
28,156,"2012-11-14 03:40:21",-43.236801,-22.981272,"2012-11-14 03:45:33",-43.236961,-22.981293,5.2
29,156,"2012-11-14 04:04:12",-43.236805,-22.981241,"2012-11-14 04:09:01",-43.236633,-22.980988,4.81666666666667
30,156,"2012-11-14 04:10:54",-43.236633,-22.980988,"2012-11-14 04:15:51",-43.236633,-22.980988,4.95
31,156,"2012-11-14 04:22:40",-43.236805,-22.981066,"2012-11-14 04:27:02",-43.236801,-22.981104,4.36666666666667
32,156,"2012-11-14 04:27:05",-43.236877,-22.980869,"2012-11-14 04:40:31",-43.236881,-22.980869,13.4333333333333
33,156,"2012-11-14 04:41:31",-43.236835,-22.981415,"2012-11-14 04:46:20",-43.236835,-22.981415,4.81666666666667
34,156,"2012-11-14 04:47:17",-43.236847,-22.98094,"2012-11-14 04:48:56",-43.236847,-22.98094,1.65
35,156,"2012-11-14 04:56:58",-43.236885,-22.980921,"2012-11-14 05:00:09",-43.236885,-22.980921,3.18333333333333
36,156,"2012-11-14 05:12:53",-43.237,-22.981138,"2012-11-14 05:14:36",-43.237,-22.981138,1.71666666666667
37,156,"2012-11-14 05:15:09",-43.237209,-22.981228,"2012-11-14 05:16:49",-43.237209,-22.981228,1.66666666666667
38,156,"2012-11-14 05:23:43",-43.237362,-22.981001,"2012-11-14 05:43:42",-43.237362,-22.981001,19.9833333333333
1,157,"2012-11-14 07:16:02",-43.236546,-22.981174,"2012-11-14 07:17:50",-43.236687,-22.981081,1.8
2,157,"2012-11-14 07:18:50",-43.236668,-22.981094,"2012-11-14 07:21:36",-43.236687,-22.981079,2.76666666666667
3,157,"2012-11-14 07:25:42",-43.236557,-22.981176,"2012-11-14 07:28:38",-43.236713,-22.980883,2.93333333333333
4,157,"2012-11-14 07:29:45",-43.236713,-22.980883,"2012-11-14 07:31:26",-43.236713,-22.980883,1.68333333333333
5,157,"2012-11-14 07:32:40",-43.236996,-22.98098,"2012-11-14 07:48:15",-43.236897,-22.980898,15.5833333333333
6,157,"2012-11-14 07:49:16",-43.237,-22.981171,"2012-11-14 07:50:54",-43.236984,-22.981169,1.63333333333333
7,157,"2012-11-14 07:51:48",-43.236759,-22.981234,"2012-11-14 07:54:00",-43.236923,-22.981161,2.2
8,157,"2012-11-14 07:55:01",-43.237129,-22.982056,"2012-11-14 07:58:43",-43.237125,-22.982021,3.7
9,157,"2012-11-14 08:00:16",-43.236805,-22.981398,"2012-11-14 08:02:37",-43.236809,-22.981398,2.35
10,157,"2012-11-14 08:06:27",-43.236965,-22.981417,"2012-11-14 08:08:47",-43.236965,-22.981417,2.33333333333333
11,157,"2012-11-14 08:14:40",-43.236877,-22.981306,"2012-11-14 08:17:34",-43.236877,-22.981306,2.9
12,157,"2012-11-14 08:35:10",-43.236721,-22.981316,"2012-11-14 08:37:20",-43.236725,-22.981314,2.16666666666667
13,157,"2012-11-14 08:37:45",-43.237041,-22.981577,"2012-11-14 08:39:27",-43.236946,-22.981438,1.7
14,157,"2012-11-14 08:40:17",-43.236645,-22.981363,"2012-11-14 08:42:53",-43.236664,-22.981327,2.6
15,157,"2012-11-14 08:48:21",-43.236668,-22.981396,"2012-11-14 08:54:10",-43.236687,-22.981379,5.81666666666667
16,157,"2012-11-14 08:55:24",-43.236652,-22.981337,"2012-11-14 08:57:27",-43.236649,-22.981256,2.05
17,157,"2012-11-14 09:00:31",-43.236557,-22.981306,"2012-11-14 09:03:43",-43.236542,-22.981321,3.2
18,157,"2012-11-14 09:10:37",-43.236622,-22.981243,"2012-11-14 09:12:22",-43.236561,-22.981133,1.75
19,157,"2012-11-14 09:15:17",-43.236847,-22.981237,"2012-11-14 09:22:12",-43.236847,-22.981237,6.91666666666667
20,157,"2012-11-14 09:22:15",-43.237007,-22.981138,"2012-11-14 09:25:07",-43.237007,-22.981138,2.86666666666667
21,157,"2012-11-14 09:27:08",-43.236561,-22.981026,"2012-11-14 09:36:19",-43.236549,-22.981039,9.18333333333333
22,157,"2012-11-14 09:36:47",-43.236847,-22.981146,"2012-11-14 09:38:20",-43.236767,-22.981049,1.55
23,157,"2012-11-14 09:41:27",-43.236595,-22.981077,"2012-11-14 09:47:06",-43.236595,-22.981077,5.65
24,157,"2012-11-14 09:50:37",-43.237057,-22.981329,"2012-11-14 09:55:52",-43.237076,-22.981337,5.25
25,157,"2012-11-14 09:57:07",-43.236626,-22.981316,"2012-11-14 10:00:12",-43.236626,-22.981316,3.08333333333333
26,157,"2012-11-14 10:01:03",-43.236774,-22.981251,"2012-11-14 10:06:03",-43.236782,-22.98119,5
27,157,"2012-11-14 10:06:05",-43.236771,-22.98122,"2012-11-14 10:11:06",-43.236774,-22.981197,5.01666666666667
28,157,"2012-11-14 10:11:08",-43.236771,-22.981236,"2012-11-14 10:16:08",-43.236759,-22.981245,5
29,157,"2012-11-14 10:16:10",-43.236748,-22.981262,"2012-11-14 10:26:25",-43.236588,-22.981489,10.25
30,157,"2012-11-14 10:46:11",-43.22879,-22.975416,"2012-11-14 10:48:02",-43.228836,-22.975439,1.85
1,158,"2012-11-23 21:00:38",-43.113678,-22.902271,"2012-11-23 21:02:30",-43.113689,-22.90233,1.86666666666667
2,158,"2012-11-23 21:02:39",-43.113682,-22.902267,"2012-11-23 21:05:18",-43.113701,-22.902279,2.65
3,158,"2012-11-23 21:20:14",-43.113708,-22.902306,"2012-11-23 21:24:43",-43.113705,-22.902306,4.48333333333333
4,158,"2012-11-23 21:25:09",-43.113686,-22.902281,"2012-11-23 21:26:45",-43.113701,-22.902285,1.6
1,159,"2012-11-26 14:05:46",-43.177574,-22.903351,"2012-11-26 14:08:50",-43.177574,-22.903351,3.06666666666667
2,159,"2012-11-26 14:11:04",-43.177879,-22.903402,"2012-11-26 14:16:15",-43.177879,-22.903402,5.18333333333333
1,160,"2012-11-27 07:11:15",-43.175312,-22.903452,"2012-11-27 07:15:45",-43.175728,-22.904308,4.5
1,161,"2012-11-27 07:41:01",-43.177303,-22.903931,"2012-11-27 07:44:01",-43.17746,-22.903831,3
2,161,"2012-11-27 07:47:56",-43.178017,-22.903362,"2012-11-27 07:52:41",-43.177277,-22.903837,4.75
1,164,"2012-11-28 07:01:41",-43.177395,-22.902491,"2012-11-28 07:08:22",-43.17746,-22.90259,6.68333333333333
2,164,"2012-11-28 07:12:50",-43.178066,-22.903315,"2012-11-28 07:14:36",-43.178066,-22.903315,1.76666666666667
3,164,"2012-11-28 07:16:54",-43.177544,-22.903454,"2012-11-28 07:20:14",-43.177544,-22.903454,3.33333333333333
4,164,"2012-11-28 07:20:15",-43.177589,-22.903437,"2012-11-28 07:28:49",-43.177528,-22.903444,8.56666666666667
1,167,"2012-11-29 07:03:33",-43.177544,-22.902597,"2012-11-29 07:07:24",-43.177521,-22.902563,3.85
1,168,"2012-11-29 17:29:28",-43.171227,-22.903194,"2012-11-29 17:32:42",-43.171227,-22.903194,3.23333333333333
1,169,"2012-11-30 06:42:53",-43.099545,-22.931458,"2012-11-30 06:44:25",-43.099609,-22.931463,1.53333333333333
2,169,"2012-11-30 07:17:10",-43.177456,-22.902641,"2012-11-30 07:25:31",-43.177464,-22.90263,8.35
1,170,"2012-11-30 17:01:27",-43.178234,-22.903431,"2012-11-30 17:03:43",-43.178104,-22.903404,2.26666666666667
2,170,"2012-11-30 17:18:13",-43.17128,-22.903151,"2012-11-30 17:20:39",-43.171299,-22.903128,2.43333333333333
3,170,"2012-11-30 17:21:42",-43.171314,-22.903048,"2012-11-30 17:24:20",-43.171314,-22.903048,2.63333333333333
1,171,"2012-12-03 07:21:05",-43.177425,-22.902613,"2012-12-03 07:26:49",-43.177464,-22.90263,5.73333333333333
1,172,"2012-12-03 17:12:00",-43.178062,-22.903364,"2012-12-03 17:15:06",-43.178291,-22.903362,3.1
2,172,"2012-12-03 17:28:39",-43.171322,-22.903099,"2012-12-03 17:30:12",-43.171322,-22.903099,1.55
3,172,"2012-12-03 17:31:21",-43.171253,-22.903112,"2012-12-03 17:37:38",-43.171253,-22.903112,6.28333333333333
1,173,"2012-12-04 06:42:49",-43.099644,-22.931475,"2012-12-04 06:45:12",-43.099644,-22.931475,2.38333333333333
2,173,"2012-12-04 07:20:48",-43.177536,-22.902632,"2012-12-04 07:25:22",-43.17749,-22.902657,4.56666666666667
3,173,"2012-12-04 07:25:23",-43.177486,-22.902653,"2012-12-04 07:28:45",-43.177433,-22.902626,3.36666666666667
4,173,"2012-12-04 07:38:30",-43.178268,-22.903345,"2012-12-04 07:46:11",-43.177166,-22.903069,7.68333333333333
1,179,"2012-10-16 09:05:36",-43.180931,-22.94154,"2012-10-16 09:13:02",-43.180862,-22.94125,7.43333333333333
2,179,"2012-10-16 09:27:21",-43.182552,-22.909622,"2012-10-16 09:30:00",-43.182533,-22.909628,2.65
3,179,"2012-10-16 09:33:10",-43.182507,-22.909294,"2012-10-16 09:36:44",-43.182495,-22.909323,3.56666666666667
1,180,"2012-10-16 13:22:05",-43.176952,-22.911093,"2012-10-16 13:23:35",-43.176899,-22.911022,1.5
2,180,"2012-10-16 13:30:44",-43.174618,-22.907955,"2012-10-16 13:35:14",-43.174549,-22.907862,4.5
3,180,"2012-10-16 13:36:07",-43.176868,-22.91098,"2012-10-16 13:38:33",-43.176929,-22.911066,2.43333333333333
4,180,"2012-10-16 13:38:38",-43.176968,-22.911116,"2012-10-16 13:40:16",-43.17696,-22.911104,1.63333333333333
1,184,"2012-10-17 10:09:13",-43.182343,-22.909363,"2012-10-17 10:23:48",-43.182396,-22.909315,14.5833333333333
2,184,"2012-10-17 10:24:49",-43.182335,-22.909325,"2012-10-17 10:27:05",-43.182377,-22.909317,2.26666666666667
3,184,"2012-10-17 10:27:13",-43.182339,-22.909389,"2012-10-17 10:38:20",-43.182396,-22.909302,11.1166666666667
1,187,"2012-10-18 10:28:12",-43.182415,-22.909248,"2012-10-18 10:34:42",-43.182365,-22.909315,6.5
2,187,"2012-10-18 10:34:47",-43.182369,-22.909397,"2012-10-18 10:39:43",-43.182369,-22.909344,4.93333333333333
1,188,"2012-10-18 14:24:02",-43.183754,-22.910177,"2012-10-18 14:31:46",-43.18243,-22.90922,7.73333333333333
2,188,"2012-10-18 14:40:28",-43.182369,-22.909182,"2012-10-18 14:53:57",-43.182079,-22.909491,13.4833333333333
1,191,"2012-10-19 09:04:22",-43.182266,-22.909338,"2012-10-19 09:06:37",-43.182346,-22.909264,2.25
2,191,"2012-10-19 09:08:49",-43.182343,-22.909283,"2012-10-19 09:12:56",-43.182308,-22.909389,4.11666666666667
1,198,"2012-10-21 16:29:17",-43.2103,-22.915886,"2012-10-21 16:31:53",-43.2103,-22.915886,2.6
1,199,"2012-10-22 08:06:53",-43.219727,-22.963984,"2012-10-22 08:09:48",-43.219727,-22.963984,2.91666666666667
2,199,"2012-10-22 08:36:23",-43.200054,-22.976912,"2012-10-22 08:39:16",-43.200054,-22.976912,2.88333333333333
3,199,"2012-10-22 08:52:38",-43.216434,-22.973515,"2012-10-22 08:58:50",-43.216434,-22.973515,6.2
1,200,"2012-10-22 10:23:12",-43.21822,-22.96467,"2012-10-22 10:25:02",-43.21822,-22.96467,1.83333333333333
2,200,"2012-10-22 10:26:45",-43.218349,-22.964729,"2012-10-22 10:31:59",-43.21817,-22.964972,5.23333333333333
1,201,"2012-10-22 14:05:18",-43.185432,-22.904753,"2012-10-22 14:24:39",-43.181976,-22.904451,19.35
2,201,"2012-10-22 14:26:42",-43.179985,-22.905424,"2012-10-22 14:29:22",-43.179882,-22.905449,2.66666666666667
3,201,"2012-10-22 14:49:56",-43.183147,-22.90877,"2012-10-22 14:54:26",-43.182041,-22.909306,4.5
1,202,"2012-10-22 19:05:19",-43.178246,-22.907631,"2012-10-22 19:11:45",-43.177864,-22.907536,6.43333333333333
2,202,"2012-10-22 19:12:54",-43.180786,-22.940823,"2012-10-22 19:16:12",-43.180759,-22.940565,3.3
3,202,"2012-10-22 19:55:18",-43.217815,-22.962719,"2012-10-22 19:59:48",-43.2178,-22.962704,4.5
1,204,"2012-10-23 19:11:17",-43.177418,-22.907255,"2012-10-23 19:19:49",-43.177334,-22.907215,8.53333333333333
2,204,"2012-10-23 19:22:10",-43.18071,-22.940088,"2012-10-23 19:23:57",-43.180759,-22.940556,1.78333333333333
3,204,"2012-10-23 20:02:14",-43.219414,-22.964161,"2012-10-23 20:05:08",-43.219456,-22.96419,2.9
4,204,"2012-10-23 20:06:12",-43.219524,-22.964226,"2012-10-23 20:08:24",-43.219536,-22.96423,2.2
1,205,"2012-10-24 07:34:33",-43.219524,-22.964329,"2012-10-24 07:38:13",-43.219524,-22.964329,3.66666666666667
2,205,"2012-10-24 07:38:14",-43.219505,-22.964285,"2012-10-24 07:41:32",-43.219505,-22.964285,3.3
1,206,"2012-10-24 08:38:32",-43.180801,-22.940798,"2012-10-24 08:51:46",-43.180782,-22.940554,13.2333333333333
1,208,"2012-10-25 13:40:26",-43.173588,-22.910587,"2012-10-25 13:47:22",-43.173641,-22.910521,6.93333333333333
2,208,"2012-10-25 13:48:53",-43.172985,-22.909075,"2012-10-25 14:02:38",-43.172829,-22.907816,13.75
3,208,"2012-10-25 14:03:36",-43.174625,-22.910938,"2012-10-25 14:06:01",-43.174416,-22.910618,2.41666666666667
1,209,"2012-10-25 19:38:30",-43.19664,-22.954603,"2012-10-25 19:40:20",-43.19664,-22.954603,1.83333333333333
1,213,"2012-10-27 10:37:32",-43.22834,-22.906214,"2012-10-27 10:40:30",-43.228046,-22.905956,2.96666666666667
2,213,"2012-10-27 11:16:07",-43.216305,-22.962996,"2012-10-27 11:35:20",-43.219456,-22.964046,19.2166666666667
3,213,"2012-10-27 11:38:57",-43.219444,-22.964144,"2012-10-27 11:41:35",-43.219444,-22.964144,2.63333333333333
1,214,"2012-10-28 10:45:49",-43.22002,-22.964678,"2012-10-28 10:54:36",-43.219372,-22.964003,8.78333333333333
1,215,"2012-10-28 14:30:46",-43.095127,-22.914858,"2012-10-28 14:32:46",-43.095127,-22.914858,2
1,218,"2012-10-28 17:44:37",-43.113712,-22.902193,"2012-10-28 17:46:08",-43.113705,-22.902225,1.51666666666667
1,220,"2012-10-29 10:29:09",-43.188908,-22.969687,"2012-10-29 10:30:39",-43.188911,-22.969687,1.5
2,220,"2012-10-29 10:43:44",-43.180706,-22.940468,"2012-10-29 10:46:51",-43.180717,-22.94046,3.11666666666667
1,221,"2012-10-29 19:09:30",-43.217899,-22.96273,"2012-10-29 19:18:30",-43.217716,-22.962503,9
1,225,"2012-10-31 19:14:37",-43.175896,-22.910112,"2012-10-31 19:17:31",-43.1759,-22.910101,2.9
2,225,"2012-10-31 19:54:44",-43.187263,-22.94957,"2012-10-31 19:56:35",-43.187256,-22.949579,1.85
1,226,"2012-10-31 20:33:52",-43.219303,-22.964039,"2012-10-31 20:37:19",-43.219418,-22.964092,3.45
2,226,"2012-10-31 20:41:12",-43.219147,-22.964039,"2012-10-31 20:45:11",-43.218975,-22.964039,3.98333333333333
3,226,"2012-10-31 20:45:41",-43.219055,-22.964033,"2012-10-31 20:47:21",-43.218964,-22.964058,1.66666666666667
1,227,"2012-11-01 08:07:36",-43.182343,-22.909292,"2012-11-01 08:09:08",-43.182339,-22.909281,1.53333333333333
1,228,"2012-11-02 18:17:12",-43.219212,-22.963867,"2012-11-02 18:19:52",-43.219223,-22.963947,2.66666666666667
2,228,"2012-11-02 18:21:18",-43.218895,-22.963999,"2012-11-02 18:25:04",-43.219242,-22.963949,3.76666666666667
3,228,"2012-11-02 18:26:07",-43.219128,-22.963886,"2012-11-02 18:28:55",-43.219193,-22.963919,2.8
1,230,"2012-11-03 16:33:22",-43.21949,-22.966373,"2012-11-03 16:35:01",-43.219501,-22.966362,1.65
1,231,"2012-11-03 17:28:09",-43.219349,-22.964041,"2012-11-03 17:30:38",-43.219357,-22.964014,2.48333333333333
1,234,"2012-11-05 08:52:40",-43.216141,-22.972704,"2012-11-05 08:56:31",-43.216125,-22.9727,3.85
2,234,"2012-11-05 08:56:42",-43.216187,-22.972786,"2012-11-05 08:59:36",-43.216187,-22.972786,2.9
3,234,"2012-11-05 09:24:29",-43.21925,-22.964027,"2012-11-05 09:29:07",-43.219318,-22.96405,4.63333333333333
1,235,"2012-11-05 10:29:06",-43.184261,-22.949532,"2012-11-05 10:32:35",-43.184277,-22.949545,3.48333333333333
2,235,"2012-11-05 10:35:14",-43.180752,-22.940756,"2012-11-05 10:41:35",-43.180767,-22.940689,6.35
1,238,"2012-11-08 08:43:58",-43.18243,-22.9093,"2012-11-08 08:46:30",-43.182407,-22.909323,2.53333333333333
1,239,"2012-11-08 19:04:31",-43.168793,-22.955202,"2012-11-08 19:07:26",-43.168808,-22.955219,2.91666666666667
2,239,"2012-11-08 19:09:02",-43.168804,-22.955219,"2012-11-08 19:16:01",-43.168793,-22.955147,6.98333333333333
3,239,"2012-11-08 19:17:36",-43.168793,-22.955257,"2012-11-08 19:21:10",-43.168755,-22.955191,3.56666666666667
1,240,"2012-11-08 20:36:05",-43.219471,-22.96406,"2012-11-08 20:41:24",-43.219498,-22.964058,5.31666666666667
2,240,"2012-11-08 20:41:33",-43.219627,-22.963987,"2012-11-08 20:45:12",-43.219635,-22.963982,3.65
3,240,"2012-11-08 20:47:25",-43.219566,-22.964006,"2012-11-08 20:50:04",-43.219551,-22.964001,2.65
1,248,"2012-11-13 08:53:32",-43.215816,-22.964449,"2012-11-13 08:55:28",-43.215813,-22.964464,1.93333333333333
1,250,"2012-11-14 09:13:28",-43.182369,-22.909298,"2012-11-14 09:20:13",-43.182419,-22.909273,6.75
2,250,"2012-11-14 09:20:39",-43.18235,-22.909378,"2012-11-14 09:22:48",-43.182327,-22.909407,2.15
1,253,"2012-11-28 09:35:16",-43.182472,-22.909203,"2012-11-28 09:36:46",-43.182423,-22.909256,1.5
1,254,"2012-11-28 18:11:26",-43.219437,-22.963997,"2012-11-28 18:13:52",-43.219063,-22.964029,2.43333333333333
2,254,"2012-11-28 18:14:32",-43.21946,-22.964045,"2012-11-28 18:16:03",-43.219463,-22.964043,1.51666666666667
1,255,"2012-11-29 08:11:57",-43.183067,-22.951895,"2012-11-29 08:14:10",-43.183025,-22.951935,2.21666666666667
2,255,"2012-11-29 08:16:22",-43.180988,-22.942062,"2012-11-29 08:20:08",-43.181019,-22.94203,3.76666666666667
3,255,"2012-11-29 08:37:10",-43.182476,-22.909239,"2012-11-29 08:39:58",-43.1824,-22.909302,2.8
4,255,"2012-11-29 08:40:43",-43.182381,-22.909327,"2012-11-29 08:45:25",-43.182407,-22.909353,4.7
1,257,"2012-11-30 09:00:48",-43.182404,-22.909855,"2012-11-30 09:02:22",-43.182362,-22.909718,1.56666666666667
2,257,"2012-11-30 09:04:23",-43.182388,-22.909353,"2012-11-30 09:15:25",-43.182323,-22.909454,11.0333333333333
