mean_speed,max_acceleration,course_changes,modal
3.967611,1.974156,8,car
1.319603,3.281807,4,car
7.144128,1.692535,3,car
10.490562,3.308206,1,car
4.616188,1.674577,6,car
4.734016,2.802345,5,car
5.439838,5.125385,2,car
2.663472,1.736061,0,car
7.679229,1.529528,0,car
2.604635,4.768376,2,car
8.741562,3.987198,13,car
3.312377,4.199239,1,car
3.029733,3.423456,6,car
4.173156,3.383267,12,car
0.204056,0.776875,4,car
2.71137,1.145869,23,car
2.418004,2.065933,5,car
17.251886,0.271006,1,car
10.862074,3.353434,11,car
2.556392,4.317139,15,car
11.857489,3.293765,27,car
17.595291,1.164955,7,car
15.381906,5.998352,11,car
7.955684,0.985998,10,car
2.457152,1.620922,2,car
2.394385,2.158502,4,car
6.773991,2.936588,6,car
4.544341,3.057878,13,car
2.184688,0.787515,1,car
1.90134,0.806107,0,car
3.025885,1.154352,0,car
1.474077,3.164984,0,car
1.787298,1.707841,0,car
1.382278,1.060621,0,car
1.00231,1.445244,2,car
2.063098,0.75626,2,car
1.465593,1.333195,2,car
4.093878,4.568363,11,car
6.61217,1.633347,9,car
4.669826,0.617951,10,car
2.520541,1.942732,0,car
2.314933,1.009456,1,car
3.302026,2.977384,3,car
8.437219,2.175824,2,car
7.780011,3.266826,4,car
5.934166,0.821789,2,car
10.537953,1.953618,7,car
4.824813,2.620761,0,car
16.521839,2.030054,15,car
23.209421,0.654358,3,car
24.84264,1.364851,0,car
25.653975,0.87454,0,car
24.18639,0.947744,4,car
23.878884,1.745377,2,car
22.795094,0.971284,10,car
13.036269,2.160885,6,car
14.873974,2.224932,26,car
17.35227,1.354945,12,car
14.566774,1.328201,4,car
5.009344,1.125252,13,car
1.266597,1.461292,3,car
2.347336,2.213542,7,car
8.871323,2.036026,2,car
1.034109,2.570472,1,car
6.82776,2.898829,8,car
5.616807,2.927983,2,car
8.173679,0.829342,2,car
7.933542,3.178689,22,car
0.149114,0.335219,36,car
0.143754,0.417971,40,car
0.039616,0.509953,11,car
2.072861,4.746141,37,car
13.986086,3.061875,21,car
17.706035,1.413353,14,car
11.93266,2.105664,20,car
12.012984,3.957449,13,car
14.934283,2.425528,26,car
12.636521,2.16737,23,car
8.930306,2.161783,7,car
4.967472,2.163855,6,car
5.089898,3.78378,10,car
9.286928,1.850291,15,car
2.625293,0.883536,31,car
4.269897,4.759958,7,car
6.445461,6.339716,11,car
7.989796,5.570329,9,car
12.382273,1.134607,14,car
14.015905,2.446645,4,car
17.664314,0.840776,4,car
18.227019,1.679918,12,car
21.280773,4.24033,16,car
20.528418,2.281281,8,car
21.442774,1.980491,5,car
21.703983,2.31231,10,car
20.818388,1.409607,9,car
19.586504,2.019556,20,car
20.509093,0.64307,9,car
13.790582,4.681757,12,car
8.44972,4.38226,2,car
7.608643,2.092133,8,car
9.237995,4.858601,24,car
18.815091,1.046038,1,car
21.832263,1.195082,10,car
20.602271,1.081056,10,car
17.781459,1.913307,4,car
21.593452,1.504974,13,car
20.585098,1.990314,6,car
15.899453,0.569227,7,car
4.303507,0.10074,2,car
0.962456,1.772873,2,car
2.05123,1.28651,0,car
3.040237,2.154655,10,car
5.962325,2.240975,10,car
3.938637,2.760193,7,car
6.937978,1.927298,5,car
4.413741,1.355538,5,car
3.329698,2.931856,8,car
6.8406,1.587051,14,car
17.772258,6.71016,3,car
4.825342,2.412275,6,car
10.037817,2.041954,9,car
16.421047,0.871206,20,car
12.439915,2.282008,11,car
17.204868,1.339666,13,car
11.888542,2.413961,12,car
20.161745,1.204211,21,car
23.039385,0.375759,1,car
19.354735,1.371805,5,car
16.527626,6.01675,10,car
11.937994,3.225411,1,car
3.733801,2.924695,3,car
4.044178,1.928868,4,car
0.41558,1.47452,10,car
0.963703,1.677704,11,car
1.05617,2.316914,5,car
0.57765,2.172389,7,car
0.114389,1.92969,2,car
0.336419,2.298963,9,car
1.828578,1.542082,12,car
0.717389,3.248991,14,car
0.285619,1.279477,6,car
1.026295,2.145484,11,car
0.146113,1.596747,4,car
0.178086,1.631332,5,car
0.424716,1.82511,3,car
0.073193,0,0,car
0.53957,2.208896,9,car
0.726799,2.345399,4,car
2.441264,3.384989,5,car
5.456115,1.609883,11,car
8.511637,3.457273,2,car
2.835249,4.211593,4,car
3.217785,1.610137,0,car
2.555264,1.021249,11,car
0.536532,0.379463,2,car
0.359377,0.304204,7,car
3.346789,2.116506,21,car
2.952093,2.29642,4,car
2.121766,2.701086,1,car
8.708907,2.650641,4,car
9.599467,1.544414,1,car
3.610799,2.552114,5,car
3.112178,1.483072,7,car
1.973324,0.688335,9,car
1.889938,1.235796,1,car
3.160286,2.495968,4,car
0.32412,1.942191,0,car
0.381014,0.747408,1,car
0.211562,0.572221,5,car
4.774945,1.609912,3,car
3.811603,2.41253,3,car
4.051364,2.356732,9,car
14.961973,2.175617,3,car
16.37602,1.263035,15,car
8.938057,1.549461,17,car
18.074622,1.189236,5,car
21.967547,1.741733,24,car
21.905186,1.416639,3,car
21.951413,0.930736,9,car
21.001534,0.89418,9,car
19.712207,1.54591,17,car
18.797462,1.597467,12,car
12.742424,3.012559,2,car
16.674275,1.914484,16,car
2.490916,1.654176,6,car
8.790675,2.804763,16,car
5.999907,3.367948,13,car
9.908225,3.948876,8,car
6.522394,4.174652,6,car
4.215705,2.754654,4,car
2.817938,3.190507,1,car
0.113433,0.597221,0,car
4.169968,5.737276,12,car
11.510169,9.152673,1,car
7.062499,0,0,car
5.825717,1.145902,0,car
0.033254,0.116849,0,car
4.291765,3.032698,6,car
9.667988,2.841137,9,car
17.439467,1.758309,4,car
16.822755,1.199685,19,car
19.727768,0.856165,12,car
21.544589,1.59741,18,car
22.423898,0.896158,5,car
21.166797,1.276323,10,car
14.171344,0.665718,3,car
16.280335,2.7513,8,car
19.850162,0.86738,21,car
10.153581,2.157674,5,car
3.238294,1.58468,2,car
7.030473,2.116656,7,car
5.760873,1.010306,2,car
0.981966,1.410248,2,car
1.375744,1.477515,2,car
3.545639,0.85649,0,car
2.231349,2.349294,7,car
0.521224,0.320111,3,car
0.531304,0.361532,9,car
0.228015,0,0,car
13.813551,2.002915,16,car
13.784728,1.119248,2,car
20.366448,1.387358,20,car
20.432032,1.878778,13,car
12.583214,1.27529,12,car
18.018673,1.537816,19,car
18.347538,0.99269,12,car
9.103112,1.670228,4,car
14.130612,1.395287,12,car
21.571082,1.165125,6,car
22.310895,2.503229,16,car
17.11225,2.995871,12,car
18.521561,12.029292,3,car
3.134532,1.68893,17,car
0.574003,0.414214,18,car
2.512013,1.339721,16,car
1.140713,0.688611,8,car
2.615491,2.745531,6,car
1.297934,0.815678,0,car
4.963923,1.561971,5,car
3.589167,2.949094,3,car
5.071347,1.302075,10,car
18.245131,0.583023,3,car
11.093743,1.963945,17,car
19.240607,1.910843,11,car
19.217896,1.827786,7,car
22.438274,2.749115,8,car
22.637995,1.314488,10,car
22.101984,1.324585,11,car
21.730115,1.683773,22,car
6.375642,2.688368,10,car
14.459672,3.471826,16,car
19.462907,1.473626,11,car
18.746119,1.807172,23,car
12.051661,1.480499,3,car
13.068391,1.91196,4,car
9.873215,2.20438,32,car
1.519758,0.891796,23,car
0.270442,0.328667,10,car
0.184112,0.15519,6,car
2.135769,6.674853,2,car
6.857914,5.07513,6,car
7.930428,4.265479,1,car
5.392508,4.493094,7,car
3.724542,4.056608,10,car
2.103283,1.770375,6,car
3.504253,2.162241,2,car
8.162076,2.292497,7,car
13.440345,2.564866,23,car
14.161666,1.338787,8,car
17.692524,2.175087,17,car
13.642368,3.026723,18,car
9.034009,2.051794,1,car
8.675743,3.80084,14,car
5.310515,1.919424,12,car
3.965866,0.98908,2,car
7.727572,3.4674,14,car
0.51921,0.786334,12,car
3.165029,1.269417,6,car
9.545063,2.060653,2,car
7.45419,3.329284,12,car
4.632452,3.71138,0,car
5.552726,1.034501,5,car
2.368508,6.264043,5,car
4.554596,2.199448,22,car
1.355643,2.493824,0,car
1.320888,2.089157,0,car
1.425634,2.757922,3,car
1.873513,1.086003,15,car
0.659287,0.392474,2,car
2.880221,4.169961,7,car
6.403404,1.985098,8,car
5.955508,2.517493,1,car
9.199688,1.980361,5,car
10.789332,4.687274,2,car
8.439214,2.349601,4,car
3.346562,2.353802,5,car
0.671017,0.223206,1,car
5.680764,1.476943,21,car
2.046385,1.749308,12,car
1.030142,2.364654,1,car
4.344332,2.410353,4,car
3.991456,2.440002,2,car
1.45011,2.425794,3,car
1.654426,4.07186,5,car
13.457935,2.37767,19,car
10.648621,1.77515,9,car
1.934282,1.26075,10,car
3.171912,3.130235,1,car
9.397259,2.087334,7,car
9.760647,0.876468,42,car
9.568276,1.561487,20,car
5.869525,1.828157,9,car
13.044592,0.832855,5,car
12.780735,0.716154,9,car
6.191004,1.271935,12,car
12.073896,1.032124,33,car
13.98301,0.822698,39,car
10.92912,1.986862,10,car
6.402785,1.256824,6,car
8.057192,1.722168,11,car
9.689253,0.997575,16,car
8.737677,1.864936,15,car
10.993576,2.058233,17,car
9.907648,2.424138,21,car
11.751764,1.55054,15,car
7.081505,0.639404,13,car
1.77803,1.62035,14,car
0.315724,0.320404,32,car
4.652873,2.680107,19,car
11.020826,1.621818,6,car
5.971167,3.721742,20,car
1.855336,3.581599,18,car
0.05601,0.044947,3,car
0.28738,0.101754,0,car
10.546082,2.865201,3,car
2.788561,4.112405,19,car
6.573736,3.967627,23,car
12.032474,2.424913,11,car
4.826244,0.533481,14,car
1.748805,0.838279,3,car
1.096871,1.193504,3,car
1.359058,1.375656,11,car
0.612687,0.747083,0,car
1.398856,3.059043,1,car
11.733059,2.58646,7,car
21.603498,1.456032,13,car
19.554911,1.925009,31,car
15.381284,1.40994,13,car
1.605702,1.057019,5,car
0.093774,0.592297,1,car
5.070561,1.956847,11,car
8.029796,3.082267,11,car
0.562345,0.37715,16,car
1.151147,0.129317,34,car
8.354144,2.327455,6,car
8.139143,4.205277,7,car
6.718812,1.677948,11,car
13.649389,0.038319,2,car
17.345436,1.200363,17,car
22.222345,1.134707,6,car
13.262229,5.350811,18,car
8.063854,3.310651,0,car
4.874606,0.809554,0,car
4.607806,4.48725,0,car
3.480617,1.278899,0,car
5.018544,1.434983,2,car
3.729548,1.26746,11,car
2.272781,1.660462,2,car
1.986831,2.417008,7,car
3.535915,2.708573,0,car
9.536055,8.37104,0,car
14.423139,7.868181,15,car
17.288724,3.726259,12,car
20.493843,1.095678,11,car
16.326826,3.250555,4,car
13.042135,2.089119,15,car
11.727972,1.73259,5,car
7.063899,1.524472,10,car
12.991558,3.309983,20,car
8.426184,5.481222,7,car
7.668262,5.904346,16,car
13.53132,4.804688,9,car
18.495414,1.489134,11,car
15.810437,2.299591,15,car
2.329584,2.833457,9,car
10.687828,1.991699,0,car
6.740289,3.034147,2,car
4.155076,2.390728,15,car
2.46236,4.191471,16,car
5.515843,4.317686,13,car
1.819069,2.441628,9,car
2.611911,1.710272,21,car
1.655878,0.860885,0,car
1.067001,0.898146,3,car
17.437297,0.242502,1,car
19.425809,2.16222,29,car
13.220932,1.527845,11,car
4.58895,1.891323,2,car
2.195002,3.854888,0,car
3.663529,2.641442,2,car
3.892952,4.156699,2,car
1.064807,1.09631,6,car
13.973222,1.904068,15,car
15.320027,1.652532,2,car
21.806864,10.64705,19,car
20.119234,3.030421,14,car
12.819622,2.627925,11,car
1.593032,1.627125,1,car
4.617487,1.243154,8,car
4.701293,2.96381,6,car
9.392116,2.654212,3,car
3.346254,6.524319,1,car
3.465324,2.878303,5,car
0.592793,0.511384,8,car
0.810281,0.309406,9,car
6.438106,2.086976,7,car
4.786108,1.600144,6,car
9.014671,3.435305,8,car
9.573309,2.790048,10,car
11.97621,0.037711,2,car
17.674318,1.750141,17,car
19.365693,2.977016,3,car
9.991058,1.436389,22,car
22.453243,2.609959,10,car
25.995777,1.017212,6,car
28.156321,0.917019,8,car
19.672941,0.718683,9,car
8.946818,5.703347,21,car
8.825645,1.900422,4,car
3.292084,1.16284,8,car
10.197466,2.282128,21,car
5.802416,2.508693,9,car
4.336177,2.256174,0,car
6.004366,2.562179,2,car
2.04554,1.231016,3,car
2.553085,3.021223,1,car
4.884848,1.421857,11,car
18.608594,2.559517,20,car
22.972691,2.846164,1,car
23.54957,0.755776,0,car
22.845018,0.287241,0,car
25.096131,0.690029,5,car
23.897546,4.196323,3,car
21.54679,1.963621,17,car
14.021481,3.154258,14,car
17.241008,2.761258,16,car
19.003007,1.255144,12,car
20.466093,0.863939,3,car
9.643545,2.034637,1,car
2.939975,3.066634,2,car
1.049246,1.905039,1,car
0.763439,1.874568,3,car
1.110704,0.811837,0,car
3.367644,4.817107,2,car
2.470885,1.89347,11,car
0.526448,0.397638,2,car
0.235607,0.00101,0,car
5.962875,2.66509,9,car
8.803506,3.043688,10,car
6.478562,1.896735,7,car
11.654299,1.367551,20,car
2.515959,1.033425,0,car
2.001216,2.16346,14,car
1.112527,1.787774,0,car
1.237831,3.006829,3,car
0.950952,0.500979,4,car
0.499688,0.319996,22,car
2.440669,0.834091,30,car
3.707764,4.268179,10,car
1.608239,1.48059,2,car
0.900315,1.050206,1,car
1.397713,0.699512,0,car
0.633802,4.156266,4,car
3.135642,3.819171,0,car
13.66592,1.799135,0,car
13.637729,2.829221,28,car
16.64124,1.177786,4,car
15.207171,1.132285,10,car
12.670492,0.183464,5,car
10.928392,4.159691,12,car
5.30796,3.713584,10,car
5.33808,2.823904,9,car
0.163677,0.84467,2,car
5.193335,1.038538,7,car
4.856578,2.868811,7,car
1.008769,0.5061,23,car
0.814858,1.484097,26,car
2.381504,1.511487,11,car
2.333612,1.451858,8,car
0.85053,4.489962,1,car
2.250589,2.291489,22,car
2.275925,1.386566,11,car
3.498111,4.817251,9,car
3.534738,3.058575,10,car
2.223191,2.761128,16,car
1.541666,4.039136,1,car
0.686084,4.007602,2,car
0.624824,2.307792,2,car
0.54246,1.575724,0,car
0.79059,1.036728,0,car
0.698476,4.908124,0,car
1.400091,1.031078,0,car
1.27464,4.012182,0,car
1.729789,1.044787,13,car
1.238934,1.579819,7,car
1.251734,1.749809,7,car
0.729954,0.628383,0,car
0.843174,2.202689,6,car
4.206335,0.252077,1,car
2.740048,0.574786,6,car
4.490192,2.125957,3,car
4.180257,1.372187,11,car
2.105121,0.968369,15,car
1.65624,1.49268,2,car
2.882385,6.135504,2,car
9.992388,2.890121,11,car
7.156909,1.657926,1,car
5.137251,1.695939,6,car
3.913018,3.644337,5,car
3.961835,2.389399,0,car
5.234358,1.122942,0,car
9.061529,2.095319,0,car
4.508788,1.528106,13,car
2.031471,1.454538,11,car
0.267092,0.368599,0,car
0.922966,0.397508,8,car
0.757715,0.203864,28,car
0.654459,0.303301,9,car
0.950969,1.64,28,walk
0.986967,0.147915,31,walk
0.905956,0.217377,24,walk
1.070501,0.274839,19,walk
1.253336,0.394439,35,walk
1.071668,0.081175,31,walk
1.212549,0.085855,30,walk
1.268181,0.13953,32,walk
1.081481,0.076496,23,walk
1.571503,0.143657,23,walk
0.396862,0.795327,12,walk
1.718892,0.068723,27,walk
1.822207,0.053311,40,walk
2.162623,0.20381,38,walk
1.842667,0.069754,25,walk
1.701832,0.043704,26,walk
1.751362,0.041761,25,walk
1.615241,0.13458,15,walk
0.173097,0.232848,0,walk
0.380679,0.533497,16,walk
0.954463,0.253577,31,walk
0.614005,0.309759,17,walk
0.567056,0.554491,14,walk
4.22299,2.01364,15,walk
3.557676,2.156945,1,walk
3.060223,2.291086,6,walk
2.302672,1.308017,28,walk
0.48241,0.257028,12,walk
0.438546,0.202904,4,walk
0.825341,0.05878,24,walk
0.933808,0.43906,26,walk
0.835925,0.210203,16,walk
0.826433,0.213622,22,walk
0.81461,0.300885,18,walk
0.74604,0.177278,22,walk
0.753292,0.100286,1,walk
0.697217,0.362532,8,walk
0.815751,0.203323,27,walk
0.646836,0.258695,16,walk
0.509605,0.456178,9,walk
0.763746,0.497552,19,walk
0.887308,0.326131,22,walk
0.393269,0.611197,15,walk
0.152003,0.649438,2,walk
0.353248,0.987444,8,walk
0.616616,0.635214,14,walk
0.351881,0.310707,11,walk
0.21636,0.397959,4,walk
0.030784,0.320086,0,walk
0.057361,1.088961,3,walk
0.814886,0.188264,24,walk
0.947624,0.404691,29,walk
1.073811,0.266469,27,walk
0.725887,0.40324,18,walk
0.5309,0.223131,14,walk
0.658483,1.233212,0,walk
0.023675,0.002947,0,walk
0.166759,0.613781,1,walk
0.207134,0.882811,2,walk
0.941816,0.320219,13,walk
1.013518,0.315178,29,walk
0.565297,0.310246,18,walk
0.888575,0.267705,36,walk
0.776433,0.175099,22,walk
0.951087,0.124561,25,walk
0.563429,1.126482,13,walk
1.065891,0.167661,35,walk
0.50276,0.306952,21,walk
0.547904,0.505459,32,walk
0.262946,0.553243,6,walk
0.870462,0.232635,30,walk
0.698023,0.386681,34,walk
0.857828,0.555538,34,walk
0.469237,0.455936,13,walk
0.157619,0.193965,4,walk
0.194011,0.4652,6,walk
0.306177,0.242262,7,walk
0.828383,0.465955,19,walk
0.625877,0.20954,14,walk
0.524932,0.252367,14,walk
0.702873,0.466254,35,walk
0.979692,0.0739,31,walk
0.793304,0.343621,34,walk
0.886303,0.995134,37,walk
0.655997,0.591492,31,walk
0.238512,0.465503,25,walk
0.258788,0.504289,28,walk
0.832795,0.320112,32,walk
0.71515,0.329468,19,walk
0.761162,0.224734,31,walk
0.739246,0.232548,20,walk
0.847831,0.297098,28,walk
2.84637,2.47703,7,walk
2.427157,1.052077,13,walk
2.321029,0.854795,13,walk
9.589149,1.319102,5,walk
1.350663,2.025754,1,walk
1.054195,0.399406,2,walk
1.356329,0.408829,1,walk
3.463984,2.629674,8,walk
1.203654,0.310423,16,walk
0.307353,0.619288,2,walk
0.509323,0.789413,11,walk
0.216695,0.44587,0,walk
0.716053,0.296703,11,walk
1.088556,0.293605,24,walk
0.786198,0.374011,40,walk
0.751405,0.506211,33,walk
0.800336,0.010856,21,walk
0.310829,0.719328,7,walk
0.248709,0.338565,1,walk
0.425127,0.533473,1,walk
0.362059,0.194155,0,walk
0.302867,0.417798,0,walk
0.717691,0.321364,28,walk
0.957337,0.439607,46,walk
1.179711,0.042114,55,walk
0.993966,0.025407,39,walk
1.069839,0.072625,49,walk
0.381258,0.348782,15,walk
0.027384,0.155415,0,walk
0.439874,0.321598,6,walk
0.483358,0.46555,13,walk
1.132142,0.101313,26,walk
1.0117,0.144069,33,walk
0.639433,0.143473,30,walk
0.157318,0.584212,9,walk
1.153125,0.012702,38,walk
0.916869,0.038858,45,walk
0.839434,0.273557,12,walk
0.949809,0.224042,44,walk
1.095637,0.074199,59,walk
0.991795,0.823814,40,walk
1.170626,0.076146,42,walk
1.010804,0.059014,43,walk
1.344385,0.056839,46,walk
1.045323,0.127504,41,walk
0.706924,0.285717,40,walk
0.915504,0.705596,21,walk
0.195286,0.359005,0,walk
0.628845,0.522965,21,walk
0.870778,0.427393,25,walk
0.948155,0.261881,45,walk
0.244706,0.309043,7,walk
0.745611,0.470354,20,walk
1.477475,0.059165,27,walk
1.137528,0.405,18,walk
0.67607,0.71407,15,walk
1.09572,0.026555,29,walk
1.129541,0.010795,27,walk
1.038786,0.017197,36,walk
1.054783,0.015857,25,walk
1.060468,0.022851,30,walk
1.163189,0.011526,29,walk
1.082101,0.019438,19,walk
0.896768,0.118671,26,walk
1.255783,0.078823,22,walk
1.232281,0.011787,14,walk
1.226315,0.527186,19,walk
1.399745,0.085221,43,walk
1.477817,0.123426,38,walk
1.068422,0.064705,57,walk
0.350433,0.41621,20,walk
0.991623,0.054799,44,walk
1.178872,0.390246,44,walk
0.230175,0.338888,0,walk
0.929201,0.215855,29,walk
0.558557,0.188113,25,walk
0.088557,0.358442,0,walk
0.873338,0.393439,29,walk
0.815822,0.103643,17,walk
0.408278,0.251805,12,walk
0.483296,0.997434,2,walk
1.084552,0.246084,35,walk
1.205815,0.135905,30,walk
1.182705,0.299479,31,walk
1.594787,0.047334,20,walk
0.550982,0.559883,15,walk
1.089278,2.462102,19,walk
0.902472,0.20636,24,walk
1.141906,1.235159,7,walk
0.583073,0.174651,16,walk
0.342176,0.698345,3,walk
0.748481,0.543663,17,walk
0.741998,0.511344,19,walk
0.820206,0.358659,34,walk
0.629354,0.174518,27,walk
0.618894,0.203922,16,walk
0.477272,0.504558,11,walk
0.418201,0.223873,4,walk
0.714219,0.222911,6,walk
0.611829,0.223632,17,walk
0.55984,0.168146,6,walk
0.628749,0.274645,13,walk
0.624183,0.178589,0,walk
0.850389,0.413804,15,walk
0.645288,0.335659,18,walk
0.770778,0.271778,33,walk
0.744661,0.524434,28,walk
0.660347,0.258973,11,walk
1.105807,0.179933,3,walk
1.30625,0.117637,36,walk
1.29276,0.124835,34,walk
1.294243,0.514232,38,walk
1.437592,0.426556,27,walk
1.074614,0.414587,31,walk
1.208241,0.324564,33,walk
0.880859,0.174565,25,walk
0.20085,1.309232,3,walk
0.45688,0.620445,13,walk
0.515851,0.412985,11,walk
0.238322,0.688896,4,walk
0.546189,0.282636,14,walk
1.259632,0.118747,36,walk
1.153304,0.119133,30,walk
0.988118,0.066842,39,walk
1.009688,0.201781,34,walk
1.139304,0.543956,29,walk
1.016911,0.191467,38,walk
0.634156,0.223089,23,walk
1.129937,0.084505,40,walk
1.052906,0.101641,40,walk
1.536917,0.171554,10,walk
0.858016,0.47514,25,walk
0.988695,0.089786,42,walk
0.983466,0.305664,26,walk
1.241923,0.069975,41,walk
1.182576,0.070719,41,walk
1.250001,0.069388,31,walk
0.256187,0.005415,0,walk
8.621066,1.494624,1,bus
4.648028,1.201079,3,bus
1.15649,0.914406,2,bus
1.795407,0.780919,1,bus
2.663689,1.302502,12,bus
2.734894,1.641982,7,bus
1.374775,1.88241,0,bus
6.199034,1.783039,5,bus
4.199113,1.810108,0,bus
4.886509,0.619639,8,bus
1.576082,0.61413,3,bus
0.533618,0.397885,0,bus
2.018185,1.18707,2,bus
7.367053,2.120185,2,bus
2.74178,1.080225,0,bus
2.966441,1.0096,5,bus
1.743457,0.609321,2,bus
2.475958,1.601061,2,bus
2.94277,1.820721,0,bus
0.945392,1.07317,17,bus
8.26651,2.1078,5,bus
5.246762,1.245543,0,bus
3.313999,1.475065,2,bus
3.083715,3.695414,6,bus
3.149805,1.016678,5,bus
2.483691,0.523118,3,bus
0.476493,0.632207,10,bus
2.217731,2.863852,8,bus
2.294449,1.358759,0,bus
2.94738,1.113422,0,bus
4.622322,2.519135,0,bus
1.863362,0.869896,12,bus
0.12098,0.174646,10,bus
3.172503,1.155693,10,bus
3.215968,1.96571,2,bus
4.606835,3.233352,5,bus
2.971302,1.578069,0,bus
8.667738,1.409706,3,bus
3.228137,1.276198,6,bus
1.532898,2.205817,0,bus
2.393438,0.58963,15,bus
6.420253,1.701239,11,bus
11.970494,1.701659,13,bus
2.842547,2.660227,12,bus
9.516747,1.929511,12,bus
3.095149,1.32789,2,bus
3.464775,1.789024,7,bus
6.193645,0.79118,7,bus
0.270285,2.352476,1,bus
2.759825,1.389463,4,bus
3.177252,1.454425,1,bus
3.415435,1.727327,2,bus
3.363365,2.235813,2,bus
1.939611,1.346309,9,bus
1.266898,1.359385,0,bus
1.77393,0.955098,2,bus
5.572027,1.756134,2,bus
2.80596,1.487281,5,bus
2.446655,2.310996,0,bus
2.19395,2.111442,0,bus
0.414598,1.538616,0,bus
0.834039,0.777818,0,bus
1.514327,1.909265,0,bus
1.767004,1.321735,0,bus
1.234608,0.783958,4,bus
1.084461,0.39861,6,bus
4.149294,2.686729,4,bus
8.626717,2.987539,3,bus
6.279897,1.336759,10,bus
2.55434,1.666586,16,bus
3.352799,2.141,8,bus
1.335651,0.525684,5,bus
2.914888,3.093437,4,bus
1.069483,0.97162,0,bus
3.652606,1.760849,8,bus
6.818763,3.22971,16,bus
3.980976,2.784571,22,bus
4.097697,2.387601,8,bus
1.574083,1.115768,2,bus
3.604341,1.467853,6,bus
1.954849,2.190708,4,bus
3.307855,3.860764,9,bus
1.644419,2.434532,0,bus
2.803314,2.046189,6,bus
2.956589,2.190903,6,bus
3.777923,2.475138,4,bus
3.717066,3.587104,10,bus
5.057935,1.557745,7,bus
4.658731,2.585697,6,bus
8.015018,1.844333,4,bus
5.443559,2.478812,2,bus
2.579669,2.079271,2,bus
0.819383,2.225815,1,bus
1.132961,0.197673,10,bus
5.139721,2.781034,14,moto
11.027312,2.502437,8,moto
8.825272,2.325473,10,moto
6.56263,2.300322,7,moto
6.644329,3.025483,5,moto
2.132751,2.370592,16,moto
4.42455,3.643223,12,moto
2.649388,2.8107,8,moto
11.035162,3.073073,15,moto
13.755756,2.363991,23,moto
10.523112,2.911979,6,moto
9.427075,3.939826,14,moto
6.774655,3.115377,11,moto
5.115745,2.249397,0,moto
5.984551,2.867167,3,moto
1.682422,1.821721,3,moto
0.140852,0.232771,0,moto
0.213178,0.475226,0,moto
0.17363,0.271588,0,moto
5.788932,3.28649,3,moto
4.814169,5.331242,4,moto
7.453603,3.090814,12,moto
6.570638,3.120279,9,moto
6.744904,1.573436,6,moto
6.974955,3.28003,7,moto
3.509724,2.4369,12,moto
1.010166,0.801383,9,moto
0.691519,1.694462,7,moto
0.941369,0.641145,35,moto
1.130353,0.354241,41,moto
1.065654,0.009123,56,moto
0.292715,0.247102,10,moto
0.696527,1.351843,1,moto
0.017394,0.663324,0,moto
4.112264,2.059906,22,moto
7.371346,2.686579,5,moto
10.198012,2.789773,19,moto
8.652207,1.968741,3,moto
4.344482,2.973538,1,moto
2.364623,3.401775,2,moto
5.43488,4.168038,3,moto
8.308902,3.857666,14,moto
4.695637,2.6833,6,moto
8.788886,2.046333,11,moto
2.885937,3.424367,3,moto
2.243208,2.555602,7,moto
1.030998,0.863242,20,moto
6.831136,4.069192,22,moto
7.732301,2.704566,3,moto
10.216087,4.516482,2,moto
8.050842,2.615605,8,moto
6.153331,7.036108,4,moto
9.600365,1.566024,0,moto
5.201602,3.232669,0,moto
11.016624,2.490681,15,moto
12.223711,1.900951,19,moto
11.965456,5.369343,15,moto
13.723349,1.874843,9,moto
11.289031,1.837505,11,moto
3.463091,2.297288,2,moto
2.973882,1.698595,9,moto
1.727333,1.449027,8,moto
5.087808,2.629066,6,moto
15.805318,0.79383,15,moto
19.983482,0.508855,18,moto
13.48229,4.618391,21,moto
12.469743,1.093643,12,moto
5.362859,4.905168,2,moto
5.701195,7.047444,1,moto
4.038348,1.195337,1,moto
2.551917,2.302231,1,moto
2.640803,1.263572,5,moto
4.734457,1.91606,9,moto
9.415854,2.899255,3,moto
7.372339,3.940433,8,moto
9.332845,2.228321,14,moto
10.479395,2.338303,9,moto
8.817794,2.112878,57,moto
10.567623,3.022661,46,moto
8.817182,2.223152,58,moto
7.002367,5.669283,61,moto
8.276354,3.017501,57,moto
9.159243,1.785644,32,moto
8.567261,2.919391,44,moto
1.68143,1.847254,5,moto
6.018257,2.656652,2,moto
8.959217,3.277629,4,moto
8.789495,2.719378,6,moto
4.549094,2.372087,5,moto
8.174857,1.50597,2,moto
4.738493,2.865624,2,moto
3.172719,0.45567,0,moto
4.91455,1.609159,6,moto
2.500397,1.060453,2,moto
6.61283,4.283376,13,moto
11.065013,1.795156,17,moto
0.048684,0.213362,0,moto
0.660104,1.240846,2,moto
7.265254,1.621643,13,moto
5.05841,5.482493,9,moto
15.769007,1.009102,13,moto
9.373754,3.004299,11,moto
15.920185,0.655819,22,moto
8.842735,1.327514,9,moto
4.296224,1.508159,1,moto
5.140243,2.139133,3,moto
7.394872,1.465955,2,moto
5.784599,1.512021,10,moto
4.622533,2.137585,12,moto
10.078734,4.16907,13,moto
5.810751,1.256953,29,moto
4.532357,5.911503,11,moto
2.60391,0.552629,10,moto
1.422612,0.094476,19,moto
9.693206,2.421862,4,moto
6.769825,6.283412,6,moto
5.86099,4.297514,7,moto
3.243727,2.444904,2,moto
4.594668,1.611761,0,moto
5.416719,3.122281,0,moto
2.704719,2.518767,0,moto
6.05977,2.318931,11,moto
11.320855,1.282228,15,moto
11.060238,2.076245,19,moto
9.374153,1.487683,6,moto
10.978725,1.2326,9,moto
6.754903,3.828267,12,moto
3.320746,2.878904,4,moto
7.963062,2.163501,28,moto
6.6103,3.22248,6,moto
4.990992,2.916375,7,moto
4.636263,1.680041,16,moto
5.280857,1.16439,11,moto
4.205037,2.137854,7,moto
1.044227,1.498971,4,moto
5.341992,3.142168,8,moto
0.42101,1.639153,8,moto
0.737795,1.631755,12,moto
7.286083,2.736768,9,moto
3.08149,1.26469,4,moto
6.24711,3.219956,4,moto
4.879905,2.90967,2,moto
4.617128,0.991969,0,moto
5.362975,2.255177,6,moto
1.386566,0.114661,24,bike
1.147895,0.526669,34,bike
3.189257,0.445267,23,bike
2.609016,0.455908,38,bike
4.562219,0.589288,33,bike
3.566166,0.48505,34,bike
3.616771,0.257223,35,bike
3.137391,1.252718,41,bike
3.042163,0.329514,38,bike
2.458524,1.449042,43,bike
4.204848,0.437984,8,bike
1.96431,1.211992,8,bike
3.118171,0.646679,32,bike
2.618565,1.168602,32,bike
3.665418,0.090537,39,bike
2.791853,0.549076,31,bike
3.820497,1.407334,24,bike
3.515294,0.116409,34,bike
3.325183,0.129527,46,bike
1.048828,0.524327,14,bike
3.168548,0.191211,19,bike
3.774436,0.158856,22,bike
3.42261,0.620523,29,bike
3.928472,0.240697,31,bike
3.779343,0.845553,47,bike
5.043836,0.117521,36,bike
4.488429,0.288415,30,bike
4.021303,0.513755,35,bike
3.001546,0.890256,43,bike
3.704339,0.235343,33,bike
1.839327,0.71753,29,bike
3.385559,1.018063,24,bike
3.436584,0.215572,34,bike
4.196817,0.208144,22,bike
4.061325,0.087967,35,bike
3.940923,0.237425,20,bike
2.728093,0.771067,23,bike
1.85701,0.59402,20,bike
0.363686,2.802779,11,bike
0.127107,0.541674,4,bike
0.346393,1.068612,12,bike
0.199274,1.065587,9,bike
0.318847,0.572023,13,bike
1.666586,0.534887,33,bike
3.11652,0.189678,39,bike
3.274365,0.111899,34,bike
0.266715,0.483716,13,bike
2.109854,0.214444,53,bike
1.260571,0.853751,47,bike
1.02745,0.323819,34,bike
0.48714,0.311751,9,bike
0.719083,0.674537,21,bike
0.92245,0.406862,19,bike
1.487638,0.919614,30,bike
3.286077,0.109905,21,bike
3.132565,0.209259,27,bike
2.997568,1.145217,25,bike
2.939536,1.160753,24,bike
3.061169,0.265074,25,bike
3.649658,0.298185,26,bike
3.086281,0.855212,23,bike
2.998126,0.116271,30,bike
2.641344,1.493908,27,bike
3.909958,1.388218,25,bike
2.551174,0.648961,4,bike
0.778298,0.205067,3,bike
0.432876,0.551519,0,bike
2.828704,0.205037,9,bike
3.799164,0.49672,0,bike
3.81766,0.086415,2,bike
3.751602,0.058786,0,bike
3.268484,0.214253,29,bike
3.577178,0.478445,17,bike
3.575582,0.70965,6,bike
2.219999,0.336864,34,bike
0.362879,0.331919,22,bike
2.651796,1.59973,16,bike
3.72796,0.10486,22,bike
1.113373,0.409454,17,bike
0.162496,0.237527,5,bike
1.621171,2.23401,40,bike
0.747308,0.735148,16,bike
3.307831,0.901043,30,bike
3.966191,0.743165,34,bike
3.311419,0.120586,33,bike
3.725616,0.08228,28,bike
4.213599,0.262142,36,bike
5.094615,0.088015,29,bike
4.866275,0.220702,32,bike
4.06501,0.219209,34,bike
3.831444,0.960344,40,bike
4.099482,0.190653,5,bike
3.137285,0.853452,12,bike
4.224715,0.858057,5,bike
3.952831,0.282819,5,bike
3.826496,0.134827,7,bike
3.701089,0.465177,20,bike
3.192894,0.209801,12,bike
2.040986,0.611165,9,bike
3.28317,0.122353,18,bike
2.776376,1.446375,23,bike
2.081001,0.807433,4,bike
1.316533,0.013567,0,bike
0.446189,0.20135,10,bike
0.461155,0.232437,17,bike
2.703838,0.50296,23,bike
3.680434,0.946723,26,bike
1.734261,1.531494,29,bike
2.997781,0.206619,29,bike
3.386896,0.104968,24,bike
2.089854,0.81399,19,bike
3.363519,0.105985,30,bike
4.642598,1.32623,25,bike
4.669473,0.843592,36,bike
3.742189,0.88294,24,bike
3.872938,0.196082,32,bike
3.535763,0.56736,31,bike
2.537801,0.112088,22,bike
3.241085,0.255025,28,bike
4.07927,0.172375,18,bike
2.697369,0.213177,30,bike
2.658977,0.093369,21,bike
2.635196,0.142592,28,bike
3.073095,0.155859,32,bike
2.919004,0.230021,24,bike
4.346192,0.733029,33,bike
1.655142,0.109727,16,bike
0.371529,0.51442,10,bike
0.022072,0.649913,0,bike
2.273621,1.138734,18,bike
4.398782,0.163968,30,bike
3.994617,0.149809,30,bike
0.232929,0.446149,6,bike
0.023128,0.37841,1,bike
0.524745,0.699237,9,bike
3.253159,0.718944,33,bike
4.406586,0.096285,28,bike
4.661174,0.120385,30,bike
4.099813,0.37167,31,bike
3.759728,0.134031,28,bike
4.211107,1.290217,33,bike
4.212113,0.113328,36,bike
3.565853,0.216086,39,bike
3.807729,0.11145,28,bike
4.176931,0.057377,11,bike
4.322458,0.048846,21,bike
3.321685,0.133347,40,bike
3.340524,0.483401,35,bike
1.344141,0.726946,16,bike
3.220121,1.267017,35,bike
2.538193,0.14548,37,bike
1.693494,0.397878,27,bike
0.199022,0.824428,23,bike
1.941712,0.219746,47,bike
0.897219,0.65941,29,bike
1.628469,1.541511,30,bike
4.047803,0.315462,36,bike
4.522038,0.501428,31,bike
4.230102,0.288904,31,bike
3.896115,0.224518,20,bike
4.464728,0.297324,26,bike
3.799687,0.71429,31,bike
4.092778,1.032549,27,bike
4.504334,0.257834,33,bike
2.348621,0.262385,39,bike
1.707795,1.026188,35,bike
2.466838,1.17984,35,bike
1.069505,0.882063,24,bike
2.68952,0.728069,27,bike
4.384843,0.166856,18,bike
4.753887,0.060427,18,bike
4.020643,0.182948,29,bike
3.123295,2.014602,32,bike
1.462133,0.475256,16,bike
3.346774,0.853921,30,bike
3.822881,0.325899,33,bike
0.816842,0.485134,14,bike
